TimeStep,ID,Latitude,Longitude,finished,level
0,1,43.034927,-76.11443,1,2
1,1,43.034927,-76.11463,1,2
2,1,43.034927,-76.11483,1,2
3,1,43.034927,-76.11503,1,2
4,1,43.034927,-76.11523,1,2
5,1,43.034927,-76.11543,1,2
6,1,43.034927,-76.11563,1,2
7,1,43.034927,-76.11583,1,2
8,1,43.034927,-76.11603,1,2
9,1,43.034927,-76.11623,1,2
10,1,43.034927,-76.11643,1,2
11,1,43.034927,-76.11663,1,2
12,1,43.034927,-76.11683,1,2
13,1,43.034927,-76.11703,1,2
14,1,43.034927,-76.11723,1,2
15,1,43.034927,-76.11743,1,2
16,1,43.034927,-76.11763,1,2
17,1,43.034927,-76.11783,1,2
18,1,43.034927,-76.11803,1,2
19,1,43.034927,-76.11823,1,2
20,1,43.034927,-76.11843,1,2
21,1,43.034927,-76.11863,1,2
22,1,43.034927,-76.11883,1,2
23,1,43.034927,-76.11903,1,2
24,1,43.034927,-76.11923,1,2
25,1,43.034927,-76.11943,1,2
26,1,43.034927,-76.11963,1,2
27,1,43.034927,-76.11983,1,2
28,1,43.034927,-76.12003,1,2
29,1,43.034927,-76.12023,1,2
30,1,43.034927,-76.12043,1,2
31,1,43.034927,-76.12063,1,2
32,1,43.034927,-76.12083,1,2
33,1,43.034927,-76.12103,1,2
34,1,43.034927,-76.12123,1,2
35,1,43.034927,-76.12143,1,2
36,1,43.034927,-76.12163,1,2
37,1,43.034927,-76.12183,1,2
38,1,43.034927,-76.12203,1,2
39,1,43.034927,-76.12223,1,2
40,1,43.034927,-76.12243,1,2
41,1,43.034927,-76.12263,1,2
42,1,43.034927,-76.12283,1,2
43,1,43.034927,-76.12303,1,2
44,1,43.034927,-76.12323,1,2
45,1,43.034927,-76.12343,1,2
46,1,43.034927,-76.12363,1,2
47,1,43.034927,-76.12383,1,2
48,1,43.034927,-76.12403,1,2
49,1,43.034927,-76.12423,1,2
50,1,43.034927,-76.12443,1,2
51,1,43.034927,-76.12463,1,2
52,1,43.034927,-76.12483,1,2
53,1,43.034927,-76.12503,1,2
54,1,43.034927,-76.12523,1,2
55,1,43.034927,-76.12543,1,2
56,1,43.034927,-76.12563,1,2
57,1,43.034927,-76.12583,1,2
58,1,43.034927,-76.12603,1,2
59,1,43.034927,-76.12623,1,2
60,1,43.034927,-76.12643,1,2
61,1,43.034927,-76.12663,1,2
62,1,43.034927,-76.12683,1,2
63,1,43.034927,-76.12703,1,2
64,1,43.034927,-76.12723,1,2
65,1,43.034927,-76.12743,1,2
66,1,43.034927,-76.12763,1,2
67,1,43.034927,-76.12783,1,2
68,1,43.034927,-76.12803,1,2
69,1,43.034927,-76.12823,1,2
70,1,43.034927,-76.12843,1,2
71,1,43.034927,-76.12863,1,2
72,1,43.034927,-76.12883,1,2
73,1,43.034927,-76.12903,1,2
74,1,43.034927,-76.12923,1,2
75,1,43.034927,-76.12943,1,2
76,1,43.034927,-76.12963,1,2
77,1,43.034927,-76.12983,1,2
78,1,43.034927,-76.13003,1,2
79,1,43.034927,-76.13023,1,2
80,1,43.034927,-76.13043,-2,2
81,1,43.034927,-76.13063,1,1
82,1,43.034927,-76.13083,1,1
83,1,43.034927,-76.13103,1,1
84,1,43.034927,-76.13123,1,1
85,1,43.034927,-76.13143,1,1
86,1,43.034927,-76.13163,1,1
87,1,43.034927,-76.13183,1,1
88,1,43.034927,-76.13203,1,1
89,1,43.034927,-76.13223,1,1
90,1,43.034927,-76.13243,1,1
91,1,43.034927,-76.13263,1,1
92,1,43.034927,-76.13283,1,1
93,1,43.034927,-76.13303,1,1
94,1,43.034927,-76.13323,1,1
95,1,43.034927,-76.13343,1,1
96,1,43.034927,-76.13363,1,1
97,1,43.034927,-76.13383,1,1
98,1,43.034927,-76.13403,1,1
99,1,43.034927,-76.13423,1,1
100,1,43.034927,-76.13443,1,1
101,1,43.034927,-76.13463,1,1
102,1,43.034927,-76.13483,1,1
103,1,43.034927,-76.13503,1,1
104,1,43.034927,-76.13523,1,1
105,1,43.034927,-76.13543,1,1
106,1,43.034927,-76.13563,1,1
107,1,43.034927,-76.13583,1,1
108,1,43.034927,-76.13603,1,1
109,1,43.034927,-76.13623,1,1
110,1,43.034927,-76.13643,1,1
111,1,43.034927,-76.13663,1,1
112,1,43.034927,-76.13683,1,1
113,1,43.034927,-76.13703,1,1
114,1,43.034927,-76.13723,1,1
115,1,43.034927,-76.13743,1,1
116,1,43.034927,-76.13763,1,1
117,1,43.034927,-76.13783,1,1
118,1,43.034927,-76.13803,1,1
119,1,43.034927,-76.13823,1,1
120,1,43.034927,-76.13843,1,1
121,1,43.034927,-76.13863,1,1
122,1,43.034927,-76.13883,1,1
123,1,43.034927,-76.13903,1,1
124,1,43.034927,-76.13923,1,1
125,1,43.034927,-76.13943,1,1
126,1,43.034927,-76.13963,1,1
127,1,43.034927,-76.13983,1,1
128,1,43.034927,-76.14003,1,1
129,1,43.034927,-76.14023,1,1
130,1,43.034927,-76.14043,1,1
131,1,43.034927,-76.14063,1,1
132,1,43.034927,-76.14083,1,1
133,1,43.034927,-76.14103,1,1
134,1,43.034927,-76.14123,1,1
135,1,43.034927,-76.14143,1,1
136,1,43.034927,-76.14163,1,1
137,1,43.034927,-76.14183,1,1
138,1,43.034927,-76.14203,1,1
139,1,43.034927,-76.14223,1,1
140,1,43.034927,-76.14243,1,1
141,1,43.034927,-76.14263,1,1
142,1,43.034927,-76.14283,1,1
143,1,43.034927,-76.14303,1,1
144,1,43.034927,-76.14323,1,1
145,1,43.034927,-76.14343,1,1
146,1,43.034927,-76.14363,1,1
147,1,43.034927,-76.14383,1,1
148,1,43.034927,-76.14403,1,1
149,1,43.034927,-76.14423,1,1
150,1,43.034927,-76.14443,1,1
151,1,43.034927,-76.14463,1,1
152,1,43.034927,-76.14483,1,1
153,1,43.034927,-76.14503,1,1
154,1,43.034927,-76.14523,1,1
155,1,43.034927,-76.14543,1,1
156,1,43.034927,-76.14563,1,1
157,1,43.034927,-76.14583,1,1
158,1,43.034927,-76.14603,1,1
159,1,43.034927,-76.14623,1,1
160,1,43.034927,-76.14643,1,1
161,1,43.034927,-76.14663,1,1
162,1,43.034927,-76.14683,1,1
163,1,43.034927,-76.14703,1,1
164,1,43.034927,-76.14723,1,1
165,1,43.034927,-76.14743,1,1
166,1,43.034927,-76.14763,1,1
167,1,43.034927,-76.14783,1,1
168,1,43.034927,-76.14803,1,1
169,1,43.034927,-76.14823,1,1
170,1,43.034927,-76.14843,1,1
171,1,43.034927,-76.14863,1,1
172,1,43.034927,-76.14883,1,1
173,1,43.034927,-76.14903,1,1
174,1,43.034927,-76.14923,1,1
175,1,43.034927,-76.14943,1,1
176,1,43.034927,-76.14963,1,1
177,1,43.034927,-76.14983,1,1
178,1,43.034927,-76.15003,1,1
179,1,43.034927,-76.15023,1,1
180,1,43.034927,-76.15043,1,1
181,1,43.034927,-76.15063,1,1
182,1,43.034927,-76.15083,1,1
183,1,43.034927,-76.15103,1,1
184,1,43.034927,-76.15123,1,1
185,1,43.034927,-76.15143,1,1
186,1,43.034927,-76.15163,1,1
187,1,43.034927,-76.15183,1,1
188,1,43.034927,-76.15203,1,1
189,1,43.034927,-76.15223,1,1
190,1,43.034927,-76.15243,1,1
191,1,43.034927,-76.15263,1,1
192,1,43.034927,-76.15283,1,1
193,1,43.034927,-76.15303,1,1
194,1,43.034927,-76.15323,1,1
195,1,43.034927,-76.15343,1,1
196,1,43.034927,-76.15363,1,1
197,1,43.034927,-76.15383,1,1
198,1,43.034927,-76.15403,1,1
199,1,43.034927,-76.15423,1,1
200,1,43.034927,-76.15443,1,1
201,1,43.034927,-76.15463,1,1
202,1,43.034927,-76.15483,1,1
203,1,43.034927,-76.15503,1,1
204,1,43.034927,-76.15523,1,1
205,1,43.034927,-76.15543,1,1
206,1,43.034927,-76.15563,1,1
207,1,43.034927,-76.15583,1,1
208,1,43.034927,-76.15603,1,1
209,1,43.034927,-76.15623,1,1
210,1,43.034927,-76.15643,1,1
211,1,43.034927,-76.15663,1,1
212,1,43.034927,-76.15683,1,1
213,1,43.034927,-76.15703,1,1
214,1,43.034927,-76.15723,1,1
215,1,43.034927,-76.15743,1,1
216,1,43.034927,-76.15763,1,1
217,1,43.034927,-76.15783,1,1
218,1,43.034927,-76.15803,1,1
219,1,43.034927,-76.15823,1,1
220,1,43.034927,-76.15843,1,1
221,1,43.034927,-76.15863,1,1
222,1,43.034927,-76.15883,1,1
223,1,43.034927,-76.15903,1,1
224,1,43.034927,-76.15923,1,1
225,1,43.034927,-76.15943,1,1
226,1,43.034927,-76.15963,1,1
227,1,43.034927,-76.15983,1,1
228,1,43.034927,-76.16003,1,1
229,1,43.034927,-76.16023,1,1
230,1,43.034927,-76.16043,-2,1
231,1,43.034927,-76.16063,1,2
232,1,43.034927,-76.16083,1,2
233,1,43.034927,-76.16103,1,2
234,1,43.034927,-76.16123,1,2
235,1,43.034927,-76.16143,1,2
236,1,43.034927,-76.16163,1,2
237,1,43.034927,-76.16183,1,2
238,1,43.034927,-76.16203,1,2
239,1,43.034927,-76.16223,1,2
240,1,43.034927,-76.16243,1,2
241,1,43.034927,-76.16263,1,2
242,1,43.034927,-76.16283,1,2
243,1,43.034927,-76.16303,1,2
244,1,43.034927,-76.16323,1,2
245,1,43.034927,-76.16343,1,2
246,1,43.034927,-76.16363,1,2
247,1,43.034927,-76.16383,1,2
248,1,43.034927,-76.16403,1,2
249,1,43.034927,-76.16423,1,2
250,1,43.034927,-76.16443,1,2
251,1,43.034927,-76.16463,1,2
252,1,43.034927,-76.16483,1,2
253,1,43.034927,-76.16503,1,2
254,1,43.034927,-76.16523,1,2
255,1,43.034927,-76.16543,1,2
256,1,43.034927,-76.16563,1,2
257,1,43.034927,-76.16583,1,2
258,1,43.034927,-76.16603,1,2
259,1,43.034927,-76.16623,1,2
260,1,43.034927,-76.16643,1,2
261,1,43.034927,-76.16663,1,2
262,1,43.034927,-76.16683,1,2
263,1,43.034927,-76.16703,1,2
264,1,43.034927,-76.16723,1,2
265,1,43.034927,-76.16743,1,2
266,1,43.034927,-76.16763,1,2
267,1,43.034927,-76.16783,1,2
268,1,43.034927,-76.16803,1,2
269,1,43.034927,-76.16823,1,2
270,1,43.034927,-76.16843,1,2
271,1,43.034927,-76.16863,1,2
272,1,43.034927,-76.16883,1,2
273,1,43.034927,-76.16903,1,2
274,1,43.034927,-76.16923,1,2
275,1,43.034927,-76.16943,1,2
276,1,43.034927,-76.16963,1,2
277,1,43.034927,-76.16983,1,2
278,1,43.034927,-76.17003,1,2
279,1,43.034927,-76.17023,1,2
280,1,43.034927,-76.17043,1,2
281,1,43.034927,-76.17063,1,2
282,1,43.034927,-76.17083,1,2
283,1,43.034927,-76.17103,1,2
284,1,43.034927,-76.17123,1,2
285,1,43.034927,-76.17143,1,2
286,1,43.034927,-76.17163,1,2
287,1,43.034927,-76.17183,1,2
288,1,43.034927,-76.17203,1,2
289,1,43.034927,-76.17223,1,2
290,1,43.034927,-76.17243,1,2
291,1,43.034927,-76.17263,1,2
292,1,43.034927,-76.17283,1,2
293,1,43.034927,-76.17303,1,2
294,1,43.034927,-76.17323,1,2
295,1,43.034927,-76.17343,1,2
296,1,43.034927,-76.17363,1,2
297,1,43.034927,-76.17383,1,2
298,1,43.034927,-76.17403,1,2
299,1,43.034927,-76.17423,1,2
300,1,43.034927,-76.17443,1,2
301,1,43.034927,-76.17463,1,2
302,1,43.034927,-76.17483,1,2
303,1,43.034927,-76.17503,1,2
304,1,43.034927,-76.17523,1,2
305,1,43.034927,-76.17543,1,2
306,1,43.034927,-76.17563,1,2
307,1,43.034927,-76.17583,1,2
308,1,43.034927,-76.17603,1,2
309,1,43.034927,-76.17623,1,2
310,1,43.034927,-76.17643,-2,2
311,1,43.034927,-76.17663,1,1
312,1,43.034927,-76.17683,1,1
313,1,43.034927,-76.17703,1,1
314,1,43.034927,-76.17723,1,1
315,1,43.034927,-76.17743,1,1
316,1,43.034927,-76.17763,1,1
317,1,43.034927,-76.17783,1,1
318,1,43.034927,-76.17803,1,1
319,1,43.034927,-76.17823,1,1
320,1,43.034927,-76.17843,1,1
321,1,43.034927,-76.17863,1,1
322,1,43.034927,-76.17883,1,1
323,1,43.034927,-76.17903,1,1
324,1,43.034927,-76.17923,1,1
325,1,43.034927,-76.17943,1,1
326,1,43.034927,-76.17963,1,1
327,1,43.034927,-76.17983,1,1
328,1,43.034927,-76.18003,1,1
329,1,43.034927,-76.18023,1,1
330,1,43.034927,-76.18043,1,1
331,1,43.034927,-76.18063,1,1
332,1,43.034927,-76.18083,1,1
333,1,43.034927,-76.18103,1,1
334,1,43.034927,-76.18123,1,1
335,1,43.034927,-76.18143,1,1
336,1,43.034927,-76.18163,1,1
337,1,43.034927,-76.18183,1,1
338,1,43.034927,-76.18203,1,1
339,1,43.034927,-76.18223,1,1
340,1,43.034927,-76.18243,1,1
341,1,43.034927,-76.18263,1,1
342,1,43.034927,-76.18283,1,1
343,1,43.034927,-76.18303,1,1
344,1,43.034927,-76.18323,1,1
345,1,43.034927,-76.18343,1,1
346,1,43.034927,-76.18363,1,1
347,1,43.034927,-76.18383,1,1
348,1,43.034927,-76.18403,1,1
349,1,43.034927,-76.18423,1,1
350,1,43.034927,-76.18443,1,1
351,1,43.034927,-76.18463,1,1
352,1,43.034927,-76.18483,1,1
353,1,43.034927,-76.18503,1,1
354,1,43.034927,-76.18523,1,1
355,1,43.034927,-76.18543,1,1
356,1,43.034927,-76.18563,1,1
357,1,43.034927,-76.18583,1,1
358,1,43.034927,-76.18603,1,1
359,1,43.034927,-76.18623,1,1
360,1,43.034927,-76.18643,1,1
361,1,43.034927,-76.18663,1,1
362,1,43.034927,-76.18683,1,1
363,1,43.034927,-76.18703,1,1
364,1,43.034927,-76.18723,1,1
365,1,43.034927,-76.18743,1,1
366,1,43.034927,-76.18763,1,1
367,1,43.034927,-76.18783,1,1
368,1,43.034927,-76.18803,1,1
369,1,43.034927,-76.18823,1,1
370,1,43.034927,-76.18843,1,1
371,1,43.034927,-76.18863,1,1
372,1,43.034927,-76.18883,1,1
373,1,43.034927,-76.18903,1,1
374,1,43.034927,-76.18923,1,1
375,1,43.034927,-76.18943,1,1
376,1,43.034927,-76.18963,1,1
377,1,43.034927,-76.18983,1,1
378,1,43.034927,-76.19003,1,1
379,1,43.034927,-76.19023,1,1
380,1,43.034927,-76.19043,1,1
381,1,43.034927,-76.19063,1,1
382,1,43.034927,-76.19083,1,1
383,1,43.034927,-76.19103,1,1
384,1,43.034927,-76.19123,1,1
385,1,43.034927,-76.19143,1,1
386,1,43.034927,-76.19163,1,1
387,1,43.034927,-76.19183,1,1
388,1,43.034927,-76.19203,1,1
389,1,43.034927,-76.19223,1,1
390,1,43.034927,-76.19243,1,1
391,1,43.034927,-76.19263,1,1
392,1,43.034927,-76.19283,1,1
393,1,43.034927,-76.19303,1,1
394,1,43.034927,-76.19323,1,1
395,1,43.034927,-76.19343,1,1
396,1,43.034927,-76.19363,1,1
397,1,43.034927,-76.19383,1,1
398,1,43.034927,-76.19403,1,1
399,1,43.034927,-76.19423,1,1
400,1,43.034927,-76.19443,1,1
401,1,43.034927,-76.19463,1,1
402,1,43.034927,-76.19483,1,1
403,1,43.034927,-76.19503,1,1
404,1,43.034927,-76.19523,1,1
405,1,43.034927,-76.19543,1,1
406,1,43.034927,-76.19563,1,1
407,1,43.034927,-76.19583,1,1
408,1,43.034927,-76.19603,1,1
409,1,43.034927,-76.19623,1,1
410,1,43.034927,-76.19643,1,1
411,1,43.034927,-76.19663,1,1
412,1,43.034927,-76.19683,1,1
413,1,43.034927,-76.19703,1,1
414,1,43.034927,-76.19723,1,1
415,1,43.034927,-76.19743,1,1
416,1,43.034927,-76.19763,1,1
417,1,43.034927,-76.19783,1,1
418,1,43.034927,-76.19803,1,1
419,1,43.034927,-76.19823,1,1
420,1,43.034927,-76.19843,1,1
421,1,43.034927,-76.19863,1,1
422,1,43.034927,-76.19883,1,1
423,1,43.034927,-76.19903,1,1
424,1,43.034927,-76.19923,1,1
425,1,43.034927,-76.19943,1,1
426,1,43.034927,-76.19963,1,1
427,1,43.034927,-76.19983,1,1
428,1,43.034927,-76.20003,1,1
429,1,43.034927,-76.20023,1,1
430,1,43.034927,-76.20043,1,1
431,1,43.034927,-76.20063,1,1
432,1,43.034927,-76.20083,1,1
433,1,43.034927,-76.20103,1,1
434,1,43.034927,-76.20123,1,1
435,1,43.034927,-76.20143,1,1
436,1,43.034927,-76.20163,1,1
437,1,43.034927,-76.20183,1,1
438,1,43.034927,-76.20203,1,1
439,1,43.034927,-76.20223,1,1
440,1,43.034927,-76.20243,1,1
441,1,43.034927,-76.20263,1,1
442,1,43.034927,-76.20283,1,1
443,1,43.034927,-76.20303,1,1
444,1,43.034927,-76.20323,1,1
445,1,43.034927,-76.20343,1,1
446,1,43.034927,-76.20363,1,1
447,1,43.034927,-76.20383,1,1
448,1,43.034927,-76.20403,1,1
449,1,43.034927,-76.20423,1,1
450,1,43.034927,-76.20443,1,1
451,1,43.034927,-76.20463,1,1
452,1,43.034927,-76.20483,1,1
453,1,43.034927,-76.20503,1,1
454,1,43.034927,-76.20523,1,1
455,1,43.034927,-76.20543,1,1
456,1,43.034927,-76.20563,1,1
457,1,43.034927,-76.20583,1,1
458,1,43.034927,-76.20603,1,1
459,1,43.034927,-76.20623,1,1
460,1,43.034927,-76.20643,1,1
461,1,43.034927,-76.20663,1,1
462,1,43.034927,-76.20683,1,1
463,1,43.034927,-76.20703,1,1
464,1,43.034927,-76.20723,1,1
465,1,43.034927,-76.20743,1,1
466,1,43.034927,-76.20763,1,1
467,1,43.034927,-76.20783,1,1
468,1,43.034927,-76.20803,1,1
469,1,43.034927,-76.20823,1,1
470,1,43.034927,-76.20843,1,1
471,1,43.034927,-76.20863,1,1
472,1,43.034927,-76.20883,1,1
473,1,43.034927,-76.20903,1,1
474,1,43.034927,-76.20923,1,1
475,1,43.034927,-76.20943,1,1
476,1,43.034927,-76.20963,1,1
477,1,43.034927,-76.20983,1,1
478,1,43.034927,-76.21003,1,1
479,1,43.034927,-76.21023,1,1
480,1,43.034927,-76.21043,1,1
481,1,43.034927,-76.21063,1,1
482,1,43.034927,-76.21083,1,1
483,1,43.034927,-76.21103,1,1
484,1,43.034927,-76.21123,1,1
485,1,43.034927,-76.21143,1,1
486,1,43.034927,-76.21163,1,1
487,1,43.034927,-76.21183,1,1
488,1,43.034927,-76.21203,1,1
489,1,43.034927,-76.21223,1,1
490,1,43.034927,-76.21243,1,1
491,1,43.034927,-76.21263,1,1
492,1,43.034927,-76.21283,1,1
493,1,43.034927,-76.21303,1,1
494,1,43.034927,-76.21323,1,1
495,1,43.034927,-76.21343,1,1
496,1,43.034927,-76.21363,1,1
497,1,43.034927,-76.21383,1,1
498,1,43.034927,-76.21403,1,1
499,1,43.034927,-76.21423,1,1
500,1,43.034927,-76.21443,-1,1
0,2,43.036927,-76.11443,1,1
1,2,43.036927,-76.11463,1,1
2,2,43.036927,-76.11483,1,1
3,2,43.036927,-76.11503,1,1
4,2,43.036927,-76.11523,1,1
5,2,43.036927,-76.11543,1,1
6,2,43.036927,-76.11563,1,1
7,2,43.036927,-76.11583,1,1
8,2,43.036927,-76.11603,1,1
9,2,43.036927,-76.11623,1,1
10,2,43.036927,-76.11643,1,1
11,2,43.036927,-76.11663,1,1
12,2,43.036927,-76.11683,1,1
13,2,43.036927,-76.11703,1,1
14,2,43.036927,-76.11723,1,1
15,2,43.036927,-76.11743,1,1
16,2,43.036927,-76.11763,1,1
17,2,43.036927,-76.11783,1,1
18,2,43.036927,-76.11803,1,1
19,2,43.036927,-76.11823,1,1
20,2,43.036927,-76.11843,1,1
21,2,43.036927,-76.11863,1,1
22,2,43.036927,-76.11883,1,1
23,2,43.036927,-76.11903,1,1
24,2,43.036927,-76.11923,1,1
25,2,43.036927,-76.11943,1,1
26,2,43.036927,-76.11963,1,1
27,2,43.036927,-76.11983,1,1
28,2,43.036927,-76.12003,1,1
29,2,43.036927,-76.12023,1,1
30,2,43.036927,-76.12043,1,1
31,2,43.036927,-76.12063,1,1
32,2,43.036927,-76.12083,1,1
33,2,43.036927,-76.12103,1,1
34,2,43.036927,-76.12123,1,1
35,2,43.036927,-76.12143,1,1
36,2,43.036927,-76.12163,1,1
37,2,43.036927,-76.12183,1,1
38,2,43.036927,-76.12203,1,1
39,2,43.036927,-76.12223,1,1
40,2,43.036927,-76.12243,1,1
41,2,43.036927,-76.12263,1,1
42,2,43.036927,-76.12283,1,1
43,2,43.036927,-76.12303,1,1
44,2,43.036927,-76.12323,1,1
45,2,43.036927,-76.12343,1,1
46,2,43.036927,-76.12363,1,1
47,2,43.036927,-76.12383,1,1
48,2,43.036927,-76.12403,1,1
49,2,43.036927,-76.12423,1,1
50,2,43.036927,-76.12443,1,1
51,2,43.036927,-76.12463,1,1
52,2,43.036927,-76.12483,1,1
53,2,43.036927,-76.12503,1,1
54,2,43.036927,-76.12523,1,1
55,2,43.036927,-76.12543,1,1
56,2,43.036927,-76.12563,1,1
57,2,43.036927,-76.12583,1,1
58,2,43.036927,-76.12603,1,1
59,2,43.036927,-76.12623,1,1
60,2,43.036927,-76.12643,1,1
61,2,43.036927,-76.12663,1,1
62,2,43.036927,-76.12683,1,1
63,2,43.036927,-76.12703,1,1
64,2,43.036927,-76.12723,1,1
65,2,43.036927,-76.12743,1,1
66,2,43.036927,-76.12763,1,1
67,2,43.036927,-76.12783,1,1
68,2,43.036927,-76.12803,1,1
69,2,43.036927,-76.12823,1,1
70,2,43.036927,-76.12843,1,1
71,2,43.036927,-76.12863,1,1
72,2,43.036927,-76.12883,1,1
73,2,43.036927,-76.12903,1,1
74,2,43.036927,-76.12923,1,1
75,2,43.036927,-76.12943,1,1
76,2,43.036927,-76.12963,1,1
77,2,43.036927,-76.12983,1,1
78,2,43.036927,-76.13003,1,1
79,2,43.036927,-76.13023,1,1
80,2,43.036927,-76.13043,1,1
81,2,43.036927,-76.13063,1,1
82,2,43.036927,-76.13083,1,1
83,2,43.036927,-76.13103,1,1
84,2,43.036927,-76.13123,1,1
85,2,43.036927,-76.13143,1,1
86,2,43.036927,-76.13163,1,1
87,2,43.036927,-76.13183,1,1
88,2,43.036927,-76.13203,1,1
89,2,43.036927,-76.13223,1,1
90,2,43.036927,-76.13243,1,1
91,2,43.036927,-76.13263,1,1
92,2,43.036927,-76.13283,1,1
93,2,43.036927,-76.13303,1,1
94,2,43.036927,-76.13323,1,1
95,2,43.036927,-76.13343,1,1
96,2,43.036927,-76.13363,1,1
97,2,43.036927,-76.13383,1,1
98,2,43.036927,-76.13403,1,1
99,2,43.036927,-76.13423,1,1
100,2,43.036927,-76.13443,1,1
101,2,43.036927,-76.13463,1,1
102,2,43.036927,-76.13483,1,1
103,2,43.036927,-76.13503,1,1
104,2,43.036927,-76.13523,1,1
105,2,43.036927,-76.13543,1,1
106,2,43.036927,-76.13563,1,1
107,2,43.036927,-76.13583,1,1
108,2,43.036927,-76.13603,1,1
109,2,43.036927,-76.13623,1,1
110,2,43.036927,-76.13643,1,1
111,2,43.036927,-76.13663,1,1
112,2,43.036927,-76.13683,1,1
113,2,43.036927,-76.13703,1,1
114,2,43.036927,-76.13723,1,1
115,2,43.036927,-76.13743,1,1
116,2,43.036927,-76.13763,1,1
117,2,43.036927,-76.13783,1,1
118,2,43.036927,-76.13803,1,1
119,2,43.036927,-76.13823,1,1
120,2,43.036927,-76.13843,1,1
121,2,43.036927,-76.13863,1,1
122,2,43.036927,-76.13883,1,1
123,2,43.036927,-76.13903,1,1
124,2,43.036927,-76.13923,1,1
125,2,43.036927,-76.13943,1,1
126,2,43.036927,-76.13963,1,1
127,2,43.036927,-76.13983,1,1
128,2,43.036927,-76.14003,1,1
129,2,43.036927,-76.14023,1,1
130,2,43.036927,-76.14043,1,1
131,2,43.036927,-76.14063,1,1
132,2,43.036927,-76.14083,1,1
133,2,43.036927,-76.14103,1,1
134,2,43.036927,-76.14123,1,1
135,2,43.036927,-76.14143,1,1
136,2,43.036927,-76.14163,1,1
137,2,43.036927,-76.14183,1,1
138,2,43.036927,-76.14203,1,1
139,2,43.036927,-76.14223,1,1
140,2,43.036927,-76.14243,1,1
141,2,43.036927,-76.14263,1,1
142,2,43.036927,-76.14283,1,1
143,2,43.036927,-76.14303,1,1
144,2,43.036927,-76.14323,1,1
145,2,43.036927,-76.14343,1,1
146,2,43.036927,-76.14363,1,1
147,2,43.036927,-76.14383,1,1
148,2,43.036927,-76.14403,1,1
149,2,43.036927,-76.14423,1,1
150,2,43.036927,-76.14443,1,1
151,2,43.036927,-76.14463,1,1
152,2,43.036927,-76.14483,1,1
153,2,43.036927,-76.14503,1,1
154,2,43.036927,-76.14523,1,1
155,2,43.036927,-76.14543,1,1
156,2,43.036927,-76.14563,1,1
157,2,43.036927,-76.14583,1,1
158,2,43.036927,-76.14603,1,1
159,2,43.036927,-76.14623,1,1
160,2,43.036927,-76.14643,1,1
161,2,43.036927,-76.14663,1,1
162,2,43.036927,-76.14683,1,1
163,2,43.036927,-76.14703,1,1
164,2,43.036927,-76.14723,1,1
165,2,43.036927,-76.14743,1,1
166,2,43.036927,-76.14763,1,1
167,2,43.036927,-76.14783,1,1
168,2,43.036927,-76.14803,1,1
169,2,43.036927,-76.14823,1,1
170,2,43.036927,-76.14843,1,1
171,2,43.036927,-76.14863,1,1
172,2,43.036927,-76.14883,1,1
173,2,43.036927,-76.14903,1,1
174,2,43.036927,-76.14923,1,1
175,2,43.036927,-76.14943,1,1
176,2,43.036927,-76.14963,1,1
177,2,43.036927,-76.14983,1,1
178,2,43.036927,-76.15003,1,1
179,2,43.036927,-76.15023,1,1
180,2,43.036927,-76.15043,1,1
181,2,43.036927,-76.15063,1,1
182,2,43.036927,-76.15083,1,1
183,2,43.036927,-76.15103,1,1
184,2,43.036927,-76.15123,1,1
185,2,43.036927,-76.15143,1,1
186,2,43.036927,-76.15163,1,1
187,2,43.036927,-76.15183,1,1
188,2,43.036927,-76.15203,1,1
189,2,43.036927,-76.15223,1,1
190,2,43.036927,-76.15243,1,1
191,2,43.036927,-76.15263,1,1
192,2,43.036927,-76.15283,1,1
193,2,43.036927,-76.15303,1,1
194,2,43.036927,-76.15323,1,1
195,2,43.036927,-76.15343,1,1
196,2,43.036927,-76.15363,1,1
197,2,43.036927,-76.15383,1,1
198,2,43.036927,-76.15403,1,1
199,2,43.036927,-76.15423,1,1
200,2,43.036927,-76.15443,1,1
201,2,43.036927,-76.15463,1,1
202,2,43.036927,-76.15483,1,1
203,2,43.036927,-76.15503,1,1
204,2,43.036927,-76.15523,1,1
205,2,43.036927,-76.15543,1,1
206,2,43.036927,-76.15563,1,1
207,2,43.036927,-76.15583,1,1
208,2,43.036927,-76.15603,1,1
209,2,43.036927,-76.15623,1,1
210,2,43.036927,-76.15643,1,1
211,2,43.036927,-76.15663,1,1
212,2,43.036927,-76.15683,1,1
213,2,43.036927,-76.15703,1,1
214,2,43.036927,-76.15723,1,1
215,2,43.036927,-76.15743,1,1
216,2,43.036927,-76.15763,1,1
217,2,43.036927,-76.15783,1,1
218,2,43.036927,-76.15803,1,1
219,2,43.036927,-76.15823,1,1
220,2,43.036927,-76.15843,1,1
221,2,43.036927,-76.15863,1,1
222,2,43.036927,-76.15883,1,1
223,2,43.036927,-76.15903,1,1
224,2,43.036927,-76.15923,1,1
225,2,43.036927,-76.15943,1,1
226,2,43.036927,-76.15963,1,1
227,2,43.036927,-76.15983,1,1
228,2,43.036927,-76.16003,1,1
229,2,43.036927,-76.16023,1,1
230,2,43.036927,-76.16043,1,1
231,2,43.036927,-76.16063,1,1
232,2,43.036927,-76.16083,1,1
233,2,43.036927,-76.16103,1,1
234,2,43.036927,-76.16123,1,1
235,2,43.036927,-76.16143,1,1
236,2,43.036927,-76.16163,1,1
237,2,43.036927,-76.16183,1,1
238,2,43.036927,-76.16203,1,1
239,2,43.036927,-76.16223,1,1
240,2,43.036927,-76.16243,1,1
241,2,43.036927,-76.16263,1,1
242,2,43.036927,-76.16283,1,1
243,2,43.036927,-76.16303,1,1
244,2,43.036927,-76.16323,1,1
245,2,43.036927,-76.16343,1,1
246,2,43.036927,-76.16363,1,1
247,2,43.036927,-76.16383,1,1
248,2,43.036927,-76.16403,1,1
249,2,43.036927,-76.16423,1,1
250,2,43.036927,-76.16443,1,1
251,2,43.036927,-76.16463,1,1
252,2,43.036927,-76.16483,1,1
253,2,43.036927,-76.16503,1,1
254,2,43.036927,-76.16523,1,1
255,2,43.036927,-76.16543,1,1
256,2,43.036927,-76.16563,1,1
257,2,43.036927,-76.16583,1,1
258,2,43.036927,-76.16603,1,1
259,2,43.036927,-76.16623,1,1
260,2,43.036927,-76.16643,1,1
261,2,43.036927,-76.16663,1,1
262,2,43.036927,-76.16683,1,1
263,2,43.036927,-76.16703,1,1
264,2,43.036927,-76.16723,1,1
265,2,43.036927,-76.16743,1,1
266,2,43.036927,-76.16763,1,1
267,2,43.036927,-76.16783,1,1
268,2,43.036927,-76.16803,1,1
269,2,43.036927,-76.16823,1,1
270,2,43.036927,-76.16843,1,1
271,2,43.036927,-76.16863,1,1
272,2,43.036927,-76.16883,1,1
273,2,43.036927,-76.16903,1,1
274,2,43.036927,-76.16923,1,1
275,2,43.036927,-76.16943,1,1
276,2,43.036927,-76.16963,1,1
277,2,43.036927,-76.16983,1,1
278,2,43.036927,-76.17003,1,1
279,2,43.036927,-76.17023,1,1
280,2,43.036927,-76.17043,1,1
281,2,43.036927,-76.17063,1,1
282,2,43.036927,-76.17083,1,1
283,2,43.036927,-76.17103,1,1
284,2,43.036927,-76.17123,1,1
285,2,43.036927,-76.17143,1,1
286,2,43.036927,-76.17163,1,1
287,2,43.036927,-76.17183,1,1
288,2,43.036927,-76.17203,1,1
289,2,43.036927,-76.17223,1,1
290,2,43.036927,-76.17243,1,1
291,2,43.036927,-76.17263,1,1
292,2,43.036927,-76.17283,1,1
293,2,43.036927,-76.17303,1,1
294,2,43.036927,-76.17323,1,1
295,2,43.036927,-76.17343,1,1
296,2,43.036927,-76.17363,1,1
297,2,43.036927,-76.17383,1,1
298,2,43.036927,-76.17403,1,1
299,2,43.036927,-76.17423,1,1
300,2,43.036927,-76.17443,1,1
301,2,43.036927,-76.17463,1,1
302,2,43.036927,-76.17483,1,1
303,2,43.036927,-76.17503,1,1
304,2,43.036927,-76.17523,1,1
305,2,43.036927,-76.17543,1,1
306,2,43.036927,-76.17563,1,1
307,2,43.036927,-76.17583,1,1
308,2,43.036927,-76.17603,1,1
309,2,43.036927,-76.17623,1,1
310,2,43.036927,-76.17643,1,1
311,2,43.036927,-76.17663,1,1
312,2,43.036927,-76.17683,1,1
313,2,43.036927,-76.17703,1,1
314,2,43.036927,-76.17723,1,1
315,2,43.036927,-76.17743,1,1
316,2,43.036927,-76.17763,1,1
317,2,43.036927,-76.17783,1,1
318,2,43.036927,-76.17803,1,1
319,2,43.036927,-76.17823,1,1
320,2,43.036927,-76.17843,1,1
321,2,43.036927,-76.17863,1,1
322,2,43.036927,-76.17883,1,1
323,2,43.036927,-76.17903,1,1
324,2,43.036927,-76.17923,1,1
325,2,43.036927,-76.17943,1,1
326,2,43.036927,-76.17963,1,1
327,2,43.036927,-76.17983,1,1
328,2,43.036927,-76.18003,1,1
329,2,43.036927,-76.18023,1,1
330,2,43.036927,-76.18043,1,1
331,2,43.036927,-76.18063,1,1
332,2,43.036927,-76.18083,1,1
333,2,43.036927,-76.18103,1,1
334,2,43.036927,-76.18123,1,1
335,2,43.036927,-76.18143,1,1
336,2,43.036927,-76.18163,1,1
337,2,43.036927,-76.18183,1,1
338,2,43.036927,-76.18203,1,1
339,2,43.036927,-76.18223,1,1
340,2,43.036927,-76.18243,1,1
341,2,43.036927,-76.18263,1,1
342,2,43.036927,-76.18283,1,1
343,2,43.036927,-76.18303,1,1
344,2,43.036927,-76.18323,1,1
345,2,43.036927,-76.18343,1,1
346,2,43.036927,-76.18363,1,1
347,2,43.036927,-76.18383,1,1
348,2,43.036927,-76.18403,1,1
349,2,43.036927,-76.18423,1,1
350,2,43.036927,-76.18443,1,1
351,2,43.036927,-76.18463,1,1
352,2,43.036927,-76.18483,1,1
353,2,43.036927,-76.18503,1,1
354,2,43.036927,-76.18523,1,1
355,2,43.036927,-76.18543,1,1
356,2,43.036927,-76.18563,1,1
357,2,43.036927,-76.18583,1,1
358,2,43.036927,-76.18603,1,1
359,2,43.036927,-76.18623,1,1
360,2,43.036927,-76.18643,1,1
361,2,43.036927,-76.18663,1,1
362,2,43.036927,-76.18683,1,1
363,2,43.036927,-76.18703,1,1
364,2,43.036927,-76.18723,1,1
365,2,43.036927,-76.18743,1,1
366,2,43.036927,-76.18763,1,1
367,2,43.036927,-76.18783,1,1
368,2,43.036927,-76.18803,1,1
369,2,43.036927,-76.18823,1,1
370,2,43.036927,-76.18843,1,1
371,2,43.036927,-76.18863,1,1
372,2,43.036927,-76.18883,1,1
373,2,43.036927,-76.18903,1,1
374,2,43.036927,-76.18923,1,1
375,2,43.036927,-76.18943,1,1
376,2,43.036927,-76.18963,1,1
377,2,43.036927,-76.18983,1,1
378,2,43.036927,-76.19003,1,1
379,2,43.036927,-76.19023,1,1
380,2,43.036927,-76.19043,1,1
381,2,43.036927,-76.19063,1,1
382,2,43.036927,-76.19083,1,1
383,2,43.036927,-76.19103,1,1
384,2,43.036927,-76.19123,1,1
385,2,43.036927,-76.19143,1,1
386,2,43.036927,-76.19163,1,1
387,2,43.036927,-76.19183,1,1
388,2,43.036927,-76.19203,1,1
389,2,43.036927,-76.19223,1,1
390,2,43.036927,-76.19243,1,1
391,2,43.036927,-76.19263,1,1
392,2,43.036927,-76.19283,1,1
393,2,43.036927,-76.19303,1,1
394,2,43.036927,-76.19323,1,1
395,2,43.036927,-76.19343,1,1
396,2,43.036927,-76.19363,1,1
397,2,43.036927,-76.19383,1,1
398,2,43.036927,-76.19403,1,1
399,2,43.036927,-76.19423,1,1
400,2,43.036927,-76.19443,1,1
401,2,43.036927,-76.19463,1,1
402,2,43.036927,-76.19483,1,1
403,2,43.036927,-76.19503,1,1
404,2,43.036927,-76.19523,1,1
405,2,43.036927,-76.19543,1,1
406,2,43.036927,-76.19563,1,1
407,2,43.036927,-76.19583,1,1
408,2,43.036927,-76.19603,1,1
409,2,43.036927,-76.19623,1,1
410,2,43.036927,-76.19643,1,1
411,2,43.036927,-76.19663,1,1
412,2,43.036927,-76.19683,1,1
413,2,43.036927,-76.19703,1,1
414,2,43.036927,-76.19723,1,1
415,2,43.036927,-76.19743,1,1
416,2,43.036927,-76.19763,1,1
417,2,43.036927,-76.19783,1,1
418,2,43.036927,-76.19803,1,1
419,2,43.036927,-76.19823,1,1
420,2,43.036927,-76.19843,1,1
421,2,43.036927,-76.19863,1,1
422,2,43.036927,-76.19883,1,1
423,2,43.036927,-76.19903,1,1
424,2,43.036927,-76.19923,1,1
425,2,43.036927,-76.19943,1,1
426,2,43.036927,-76.19963,1,1
427,2,43.036927,-76.19983,1,1
428,2,43.036927,-76.20003,1,1
429,2,43.036927,-76.20023,1,1
430,2,43.036927,-76.20043,1,1
431,2,43.036927,-76.20063,1,1
432,2,43.036927,-76.20083,1,1
433,2,43.036927,-76.20103,1,1
434,2,43.036927,-76.20123,1,1
435,2,43.036927,-76.20143,1,1
436,2,43.036927,-76.20163,1,1
437,2,43.036927,-76.20183,1,1
438,2,43.036927,-76.20203,1,1
439,2,43.036927,-76.20223,1,1
440,2,43.036927,-76.20243,1,1
441,2,43.036927,-76.20263,1,1
442,2,43.036927,-76.20283,1,1
443,2,43.036927,-76.20303,1,1
444,2,43.036927,-76.20323,1,1
445,2,43.036927,-76.20343,1,1
446,2,43.036927,-76.20363,1,1
447,2,43.036927,-76.20383,1,1
448,2,43.036927,-76.20403,1,1
449,2,43.036927,-76.20423,1,1
450,2,43.036927,-76.20443,1,1
451,2,43.036927,-76.20463,1,1
452,2,43.036927,-76.20483,1,1
453,2,43.036927,-76.20503,1,1
454,2,43.036927,-76.20523,1,1
455,2,43.036927,-76.20543,1,1
456,2,43.036927,-76.20563,1,1
457,2,43.036927,-76.20583,1,1
458,2,43.036927,-76.20603,1,1
459,2,43.036927,-76.20623,1,1
460,2,43.036927,-76.20643,1,1
461,2,43.036927,-76.20663,1,1
462,2,43.036927,-76.20683,1,1
463,2,43.036927,-76.20703,1,1
464,2,43.036927,-76.20723,1,1
465,2,43.036927,-76.20743,1,1
466,2,43.036927,-76.20763,1,1
467,2,43.036927,-76.20783,1,1
468,2,43.036927,-76.20803,1,1
469,2,43.036927,-76.20823,1,1
470,2,43.036927,-76.20843,1,1
471,2,43.036927,-76.20863,1,1
472,2,43.036927,-76.20883,1,1
473,2,43.036927,-76.20903,1,1
474,2,43.036927,-76.20923,1,1
475,2,43.036927,-76.20943,1,1
476,2,43.036927,-76.20963,1,1
477,2,43.036927,-76.20983,1,1
478,2,43.036927,-76.21003,1,1
479,2,43.036927,-76.21023,1,1
480,2,43.036927,-76.21043,1,1
481,2,43.036927,-76.21063,1,1
482,2,43.036927,-76.21083,1,1
483,2,43.036927,-76.21103,1,1
484,2,43.036927,-76.21123,1,1
485,2,43.036927,-76.21143,1,1
486,2,43.036927,-76.21163,1,1
487,2,43.036927,-76.21183,1,1
488,2,43.036927,-76.21203,1,1
489,2,43.036927,-76.21223,1,1
490,2,43.036927,-76.21243,1,1
491,2,43.036927,-76.21263,1,1
492,2,43.036927,-76.21283,1,1
493,2,43.036927,-76.21303,1,1
494,2,43.036927,-76.21323,1,1
495,2,43.036927,-76.21343,1,1
496,2,43.036927,-76.21363,1,1
497,2,43.036927,-76.21383,1,1
498,2,43.036927,-76.21403,1,1
499,2,43.036927,-76.21423,1,1
500,2,43.036927,-76.21443,-1,1
0,3,43.040927,-76.11443,1,4
1,3,43.040927,-76.11463,1,4
2,3,43.040927,-76.11483,1,4
3,3,43.040927,-76.11503,1,4
4,3,43.040927,-76.11523,1,4
5,3,43.040927,-76.11543,1,4
6,3,43.040927,-76.11563,1,4
7,3,43.040927,-76.11583,1,4
8,3,43.040927,-76.11603,1,4
9,3,43.040927,-76.11623,1,4
10,3,43.040927,-76.11643,1,4
11,3,43.040927,-76.11663,1,4
12,3,43.040927,-76.11683,1,4
13,3,43.040927,-76.11703,1,4
14,3,43.040927,-76.11723,1,4
15,3,43.040927,-76.11743,1,4
16,3,43.040927,-76.11763,1,4
17,3,43.040927,-76.11783,1,4
18,3,43.040927,-76.11803,1,4
19,3,43.040927,-76.11823,1,4
20,3,43.040927,-76.11843,1,4
21,3,43.040927,-76.11863,1,4
22,3,43.040927,-76.11883,1,4
23,3,43.040927,-76.11903,1,4
24,3,43.040927,-76.11923,1,4
25,3,43.040927,-76.11943,1,4
26,3,43.040927,-76.11963,1,4
27,3,43.040927,-76.11983,1,4
28,3,43.040927,-76.12003,1,4
29,3,43.040927,-76.12023,1,4
30,3,43.040927,-76.12043,1,4
31,3,43.040927,-76.12063,1,4
32,3,43.040927,-76.12083,1,4
33,3,43.040927,-76.12103,1,4
34,3,43.040927,-76.12123,1,4
35,3,43.040927,-76.12143,1,4
36,3,43.040927,-76.12163,1,4
37,3,43.040927,-76.12183,1,4
38,3,43.040927,-76.12203,1,4
39,3,43.040927,-76.12223,1,4
40,3,43.040927,-76.12243,1,4
41,3,43.040927,-76.12263,1,4
42,3,43.040927,-76.12283,1,4
43,3,43.040927,-76.12303,1,4
44,3,43.040927,-76.12323,1,4
45,3,43.040927,-76.12343,1,4
46,3,43.040927,-76.12363,1,4
47,3,43.040927,-76.12383,1,4
48,3,43.040927,-76.12403,1,4
49,3,43.040927,-76.12423,1,4
50,3,43.040927,-76.12443,1,4
51,3,43.040927,-76.12463,1,4
52,3,43.040927,-76.12483,1,4
53,3,43.040927,-76.12503,1,4
54,3,43.040927,-76.12523,1,4
55,3,43.040927,-76.12543,1,4
56,3,43.040927,-76.12563,1,4
57,3,43.040927,-76.12583,1,4
58,3,43.040927,-76.12603,1,4
59,3,43.040927,-76.12623,1,4
60,3,43.040927,-76.12643,1,4
61,3,43.040927,-76.12663,1,4
62,3,43.040927,-76.12683,1,4
63,3,43.040927,-76.12703,1,4
64,3,43.040927,-76.12723,1,4
65,3,43.040927,-76.12743,1,4
66,3,43.040927,-76.12763,1,4
67,3,43.040927,-76.12783,1,4
68,3,43.040927,-76.12803,1,4
69,3,43.040927,-76.12823,1,4
70,3,43.040927,-76.12843,1,4
71,3,43.040927,-76.12863,1,4
72,3,43.040927,-76.12883,1,4
73,3,43.040927,-76.12903,1,4
74,3,43.040927,-76.12923,1,4
75,3,43.040927,-76.12943,1,4
76,3,43.040927,-76.12963,1,4
77,3,43.040927,-76.12983,1,4
78,3,43.040927,-76.13003,1,4
79,3,43.040927,-76.13023,1,4
80,3,43.040927,-76.13043,1,4
81,3,43.040927,-76.13063,1,4
82,3,43.040927,-76.13083,1,4
83,3,43.040927,-76.13103,1,4
84,3,43.040927,-76.13123,1,4
85,3,43.040927,-76.13143,1,4
86,3,43.040927,-76.13163,1,4
87,3,43.040927,-76.13183,1,4
88,3,43.040927,-76.13203,1,4
89,3,43.040927,-76.13223,1,4
90,3,43.040927,-76.13243,1,4
91,3,43.040927,-76.13263,1,4
92,3,43.040927,-76.13283,1,4
93,3,43.040927,-76.13303,1,4
94,3,43.040927,-76.13323,1,4
95,3,43.040927,-76.13343,1,4
96,3,43.040927,-76.13363,1,4
97,3,43.040927,-76.13383,1,4
98,3,43.040927,-76.13403,1,4
99,3,43.040927,-76.13423,1,4
100,3,43.040927,-76.13443,1,4
101,3,43.040927,-76.13463,1,4
102,3,43.040927,-76.13483,1,4
103,3,43.040927,-76.13503,1,4
104,3,43.040927,-76.13523,1,4
105,3,43.040927,-76.13543,1,4
106,3,43.040927,-76.13563,1,4
107,3,43.040927,-76.13583,1,4
108,3,43.040927,-76.13603,1,4
109,3,43.040927,-76.13623,1,4
110,3,43.040927,-76.13643,1,4
111,3,43.040927,-76.13663,1,4
112,3,43.040927,-76.13683,1,4
113,3,43.040927,-76.13703,1,4
114,3,43.040927,-76.13723,1,4
115,3,43.040927,-76.13743,1,4
116,3,43.040927,-76.13763,1,4
117,3,43.040927,-76.13783,1,4
118,3,43.040927,-76.13803,1,4
119,3,43.040927,-76.13823,1,4
120,3,43.040927,-76.13843,1,4
121,3,43.040927,-76.13863,1,4
122,3,43.040927,-76.13883,1,4
123,3,43.040927,-76.13903,1,4
124,3,43.040927,-76.13923,1,4
125,3,43.040927,-76.13943,1,4
126,3,43.040927,-76.13963,1,4
127,3,43.040927,-76.13983,1,4
128,3,43.040927,-76.14003,1,4
129,3,43.040927,-76.14023,1,4
130,3,43.040927,-76.14043,-2,4
131,3,43.040927,-76.14063,1,3
132,3,43.040927,-76.14083,1,3
133,3,43.040927,-76.14103,1,3
134,3,43.040927,-76.14123,1,3
135,3,43.040927,-76.14143,1,3
136,3,43.040927,-76.14163,1,3
137,3,43.040927,-76.14183,1,3
138,3,43.040927,-76.14203,1,3
139,3,43.040927,-76.14223,1,3
140,3,43.040927,-76.14243,1,3
141,3,43.040927,-76.14263,1,3
142,3,43.040927,-76.14283,1,3
143,3,43.040927,-76.14303,1,3
144,3,43.040927,-76.14323,1,3
145,3,43.040927,-76.14343,1,3
146,3,43.040927,-76.14363,1,3
147,3,43.040927,-76.14383,1,3
148,3,43.040927,-76.14403,1,3
149,3,43.040927,-76.14423,1,3
150,3,43.040927,-76.14443,1,3
151,3,43.040927,-76.14463,1,3
152,3,43.040927,-76.14483,1,3
153,3,43.040927,-76.14503,1,3
154,3,43.040927,-76.14523,1,3
155,3,43.040927,-76.14543,1,3
156,3,43.040927,-76.14563,1,3
157,3,43.040927,-76.14583,1,3
158,3,43.040927,-76.14603,1,3
159,3,43.040927,-76.14623,1,3
160,3,43.040927,-76.14643,1,3
161,3,43.040927,-76.14663,1,3
162,3,43.040927,-76.14683,1,3
163,3,43.040927,-76.14703,1,3
164,3,43.040927,-76.14723,1,3
165,3,43.040927,-76.14743,1,3
166,3,43.040927,-76.14763,1,3
167,3,43.040927,-76.14783,1,3
168,3,43.040927,-76.14803,1,3
169,3,43.040927,-76.14823,1,3
170,3,43.040927,-76.14843,1,3
171,3,43.040927,-76.14863,1,3
172,3,43.040927,-76.14883,1,3
173,3,43.040927,-76.14903,1,3
174,3,43.040927,-76.14923,1,3
175,3,43.040927,-76.14943,1,3
176,3,43.040927,-76.14963,1,3
177,3,43.040927,-76.14983,1,3
178,3,43.040927,-76.15003,1,3
179,3,43.040927,-76.15023,1,3
180,3,43.040927,-76.15043,1,3
181,3,43.040927,-76.15063,1,3
182,3,43.040927,-76.15083,1,3
183,3,43.040927,-76.15103,1,3
184,3,43.040927,-76.15123,1,3
185,3,43.040927,-76.15143,1,3
186,3,43.040927,-76.15163,1,3
187,3,43.040927,-76.15183,1,3
188,3,43.040927,-76.15203,1,3
189,3,43.040927,-76.15223,1,3
190,3,43.040927,-76.15243,1,3
191,3,43.040927,-76.15263,1,3
192,3,43.040927,-76.15283,1,3
193,3,43.040927,-76.15303,1,3
194,3,43.040927,-76.15323,1,3
195,3,43.040927,-76.15343,1,3
196,3,43.040927,-76.15363,1,3
197,3,43.040927,-76.15383,1,3
198,3,43.040927,-76.15403,1,3
199,3,43.040927,-76.15423,1,3
200,3,43.040927,-76.15443,1,3
201,3,43.040927,-76.15463,1,3
202,3,43.040927,-76.15483,1,3
203,3,43.040927,-76.15503,1,3
204,3,43.040927,-76.15523,1,3
205,3,43.040927,-76.15543,1,3
206,3,43.040927,-76.15563,1,3
207,3,43.040927,-76.15583,1,3
208,3,43.040927,-76.15603,1,3
209,3,43.040927,-76.15623,1,3
210,3,43.040927,-76.15643,1,3
211,3,43.040927,-76.15663,1,3
212,3,43.040927,-76.15683,1,3
213,3,43.040927,-76.15703,1,3
214,3,43.040927,-76.15723,1,3
215,3,43.040927,-76.15743,1,3
216,3,43.040927,-76.15763,1,3
217,3,43.040927,-76.15783,1,3
218,3,43.040927,-76.15803,1,3
219,3,43.040927,-76.15823,1,3
220,3,43.040927,-76.15843,1,3
221,3,43.040927,-76.15863,1,3
222,3,43.040927,-76.15883,1,3
223,3,43.040927,-76.15903,1,3
224,3,43.040927,-76.15923,1,3
225,3,43.040927,-76.15943,1,3
226,3,43.040927,-76.15963,1,3
227,3,43.040927,-76.15983,1,3
228,3,43.040927,-76.16003,1,3
229,3,43.040927,-76.16023,1,3
230,3,43.040927,-76.16043,1,3
231,3,43.040927,-76.16063,1,3
232,3,43.040927,-76.16083,1,3
233,3,43.040927,-76.16103,1,3
234,3,43.040927,-76.16123,1,3
235,3,43.040927,-76.16143,1,3
236,3,43.040927,-76.16163,1,3
237,3,43.040927,-76.16183,1,3
238,3,43.040927,-76.16203,1,3
239,3,43.040927,-76.16223,1,3
240,3,43.040927,-76.16243,1,3
241,3,43.040927,-76.16263,1,3
242,3,43.040927,-76.16283,1,3
243,3,43.040927,-76.16303,1,3
244,3,43.040927,-76.16323,1,3
245,3,43.040927,-76.16343,1,3
246,3,43.040927,-76.16363,1,3
247,3,43.040927,-76.16383,1,3
248,3,43.040927,-76.16403,1,3
249,3,43.040927,-76.16423,1,3
250,3,43.040927,-76.16443,1,3
251,3,43.040927,-76.16463,1,3
252,3,43.040927,-76.16483,1,3
253,3,43.040927,-76.16503,1,3
254,3,43.040927,-76.16523,1,3
255,3,43.040927,-76.16543,1,3
256,3,43.040927,-76.16563,1,3
257,3,43.040927,-76.16583,1,3
258,3,43.040927,-76.16603,1,3
259,3,43.040927,-76.16623,1,3
260,3,43.040927,-76.16643,1,3
261,3,43.040927,-76.16663,1,3
262,3,43.040927,-76.16683,1,3
263,3,43.040927,-76.16703,1,3
264,3,43.040927,-76.16723,1,3
265,3,43.040927,-76.16743,1,3
266,3,43.040927,-76.16763,1,3
267,3,43.040927,-76.16783,1,3
268,3,43.040927,-76.16803,1,3
269,3,43.040927,-76.16823,1,3
270,3,43.040927,-76.16843,1,3
271,3,43.040927,-76.16863,1,3
272,3,43.040927,-76.16883,1,3
273,3,43.040927,-76.16903,1,3
274,3,43.040927,-76.16923,1,3
275,3,43.040927,-76.16943,1,3
276,3,43.040927,-76.16963,1,3
277,3,43.040927,-76.16983,1,3
278,3,43.040927,-76.17003,1,3
279,3,43.040927,-76.17023,1,3
280,3,43.040927,-76.17043,1,3
281,3,43.040927,-76.17063,1,3
282,3,43.040927,-76.17083,1,3
283,3,43.040927,-76.17103,1,3
284,3,43.040927,-76.17123,1,3
285,3,43.040927,-76.17143,1,3
286,3,43.040927,-76.17163,1,3
287,3,43.040927,-76.17183,1,3
288,3,43.040927,-76.17203,1,3
289,3,43.040927,-76.17223,1,3
290,3,43.040927,-76.17243,1,3
291,3,43.040927,-76.17263,1,3
292,3,43.040927,-76.17283,1,3
293,3,43.040927,-76.17303,1,3
294,3,43.040927,-76.17323,1,3
295,3,43.040927,-76.17343,1,3
296,3,43.040927,-76.17363,1,3
297,3,43.040927,-76.17383,1,3
298,3,43.040927,-76.17403,1,3
299,3,43.040927,-76.17423,1,3
300,3,43.040927,-76.17443,1,3
301,3,43.040927,-76.17463,1,3
302,3,43.040927,-76.17483,1,3
303,3,43.040927,-76.17503,1,3
304,3,43.040927,-76.17523,1,3
305,3,43.040927,-76.17543,1,3
306,3,43.040927,-76.17563,1,3
307,3,43.040927,-76.17583,1,3
308,3,43.040927,-76.17603,1,3
309,3,43.040927,-76.17623,1,3
310,3,43.040927,-76.17643,-2,3
311,3,43.040927,-76.17663,1,2
312,3,43.040927,-76.17683,1,2
313,3,43.040927,-76.17703,1,2
314,3,43.040927,-76.17723,1,2
315,3,43.040927,-76.17743,1,2
316,3,43.040927,-76.17763,1,2
317,3,43.040927,-76.17783,1,2
318,3,43.040927,-76.17803,1,2
319,3,43.040927,-76.17823,1,2
320,3,43.040927,-76.17843,1,2
321,3,43.040927,-76.17863,1,2
322,3,43.040927,-76.17883,1,2
323,3,43.040927,-76.17903,1,2
324,3,43.040927,-76.17923,1,2
325,3,43.040927,-76.17943,1,2
326,3,43.040927,-76.17963,1,2
327,3,43.040927,-76.17983,1,2
328,3,43.040927,-76.18003,1,2
329,3,43.040927,-76.18023,1,2
330,3,43.040927,-76.18043,1,2
331,3,43.040927,-76.18063,1,2
332,3,43.040927,-76.18083,1,2
333,3,43.040927,-76.18103,1,2
334,3,43.040927,-76.18123,1,2
335,3,43.040927,-76.18143,1,2
336,3,43.040927,-76.18163,1,2
337,3,43.040927,-76.18183,1,2
338,3,43.040927,-76.18203,1,2
339,3,43.040927,-76.18223,1,2
340,3,43.040927,-76.18243,1,2
341,3,43.040927,-76.18263,1,2
342,3,43.040927,-76.18283,1,2
343,3,43.040927,-76.18303,1,2
344,3,43.040927,-76.18323,1,2
345,3,43.040927,-76.18343,1,2
346,3,43.040927,-76.18363,1,2
347,3,43.040927,-76.18383,1,2
348,3,43.040927,-76.18403,1,2
349,3,43.040927,-76.18423,1,2
350,3,43.040927,-76.18443,1,2
351,3,43.040927,-76.18463,1,2
352,3,43.040927,-76.18483,1,2
353,3,43.040927,-76.18503,1,2
354,3,43.040927,-76.18523,1,2
355,3,43.040927,-76.18543,1,2
356,3,43.040927,-76.18563,1,2
357,3,43.040927,-76.18583,1,2
358,3,43.040927,-76.18603,1,2
359,3,43.040927,-76.18623,1,2
360,3,43.040927,-76.18643,1,2
361,3,43.040927,-76.18663,1,2
362,3,43.040927,-76.18683,1,2
363,3,43.040927,-76.18703,1,2
364,3,43.040927,-76.18723,1,2
365,3,43.040927,-76.18743,1,2
366,3,43.040927,-76.18763,1,2
367,3,43.040927,-76.18783,1,2
368,3,43.040927,-76.18803,1,2
369,3,43.040927,-76.18823,1,2
370,3,43.040927,-76.18843,1,2
371,3,43.040927,-76.18863,1,2
372,3,43.040927,-76.18883,1,2
373,3,43.040927,-76.18903,1,2
374,3,43.040927,-76.18923,1,2
375,3,43.040927,-76.18943,1,2
376,3,43.040927,-76.18963,1,2
377,3,43.040927,-76.18983,1,2
378,3,43.040927,-76.19003,1,2
379,3,43.040927,-76.19023,1,2
380,3,43.040927,-76.19043,1,2
381,3,43.040927,-76.19063,1,2
382,3,43.040927,-76.19083,1,2
383,3,43.040927,-76.19103,1,2
384,3,43.040927,-76.19123,1,2
385,3,43.040927,-76.19143,1,2
386,3,43.040927,-76.19163,1,2
387,3,43.040927,-76.19183,1,2
388,3,43.040927,-76.19203,1,2
389,3,43.040927,-76.19223,1,2
390,3,43.040927,-76.19243,1,2
391,3,43.040927,-76.19263,1,2
392,3,43.040927,-76.19283,1,2
393,3,43.040927,-76.19303,1,2
394,3,43.040927,-76.19323,1,2
395,3,43.040927,-76.19343,1,2
396,3,43.040927,-76.19363,1,2
397,3,43.040927,-76.19383,1,2
398,3,43.040927,-76.19403,1,2
399,3,43.040927,-76.19423,1,2
400,3,43.040927,-76.19443,1,2
401,3,43.040927,-76.19463,1,2
402,3,43.040927,-76.19483,1,2
403,3,43.040927,-76.19503,1,2
404,3,43.040927,-76.19523,1,2
405,3,43.040927,-76.19543,1,2
406,3,43.040927,-76.19563,1,2
407,3,43.040927,-76.19583,1,2
408,3,43.040927,-76.19603,1,2
409,3,43.040927,-76.19623,1,2
410,3,43.040927,-76.19643,1,2
411,3,43.040927,-76.19663,1,2
412,3,43.040927,-76.19683,1,2
413,3,43.040927,-76.19703,1,2
414,3,43.040927,-76.19723,1,2
415,3,43.040927,-76.19743,1,2
416,3,43.040927,-76.19763,1,2
417,3,43.040927,-76.19783,1,2
418,3,43.040927,-76.19803,1,2
419,3,43.040927,-76.19823,1,2
420,3,43.040927,-76.19843,1,2
421,3,43.040927,-76.19863,1,2
422,3,43.040927,-76.19883,1,2
423,3,43.040927,-76.19903,1,2
424,3,43.040927,-76.19923,1,2
425,3,43.040927,-76.19943,1,2
426,3,43.040927,-76.19963,1,2
427,3,43.040927,-76.19983,1,2
428,3,43.040927,-76.20003,1,2
429,3,43.040927,-76.20023,1,2
430,3,43.040927,-76.20043,1,2
431,3,43.040927,-76.20063,1,2
432,3,43.040927,-76.20083,1,2
433,3,43.040927,-76.20103,1,2
434,3,43.040927,-76.20123,1,2
435,3,43.040927,-76.20143,1,2
436,3,43.040927,-76.20163,1,2
437,3,43.040927,-76.20183,1,2
438,3,43.040927,-76.20203,1,2
439,3,43.040927,-76.20223,1,2
440,3,43.040927,-76.20243,1,2
441,3,43.040927,-76.20263,1,2
442,3,43.040927,-76.20283,1,2
443,3,43.040927,-76.20303,1,2
444,3,43.040927,-76.20323,1,2
445,3,43.040927,-76.20343,1,2
446,3,43.040927,-76.20363,1,2
447,3,43.040927,-76.20383,1,2
448,3,43.040927,-76.20403,1,2
449,3,43.040927,-76.20423,1,2
450,3,43.040927,-76.20443,1,2
451,3,43.040927,-76.20463,1,2
452,3,43.040927,-76.20483,1,2
453,3,43.040927,-76.20503,1,2
454,3,43.040927,-76.20523,1,2
455,3,43.040927,-76.20543,1,2
456,3,43.040927,-76.20563,1,2
457,3,43.040927,-76.20583,1,2
458,3,43.040927,-76.20603,1,2
459,3,43.040927,-76.20623,1,2
460,3,43.040927,-76.20643,-2,2
461,3,43.040927,-76.20663,1,1
462,3,43.040927,-76.20683,1,1
463,3,43.040927,-76.20703,1,1
464,3,43.040927,-76.20723,1,1
465,3,43.040927,-76.20743,1,1
466,3,43.040927,-76.20763,1,1
467,3,43.040927,-76.20783,1,1
468,3,43.040927,-76.20803,1,1
469,3,43.040927,-76.20823,1,1
470,3,43.040927,-76.20843,1,1
471,3,43.040927,-76.20863,1,1
472,3,43.040927,-76.20883,1,1
473,3,43.040927,-76.20903,1,1
474,3,43.040927,-76.20923,1,1
475,3,43.040927,-76.20943,1,1
476,3,43.040927,-76.20963,1,1
477,3,43.040927,-76.20983,1,1
478,3,43.040927,-76.21003,1,1
479,3,43.040927,-76.21023,1,1
480,3,43.040927,-76.21043,1,1
481,3,43.040927,-76.21063,1,1
482,3,43.040927,-76.21083,1,1
483,3,43.040927,-76.21103,1,1
484,3,43.040927,-76.21123,1,1
485,3,43.040927,-76.21143,1,1
486,3,43.040927,-76.21163,1,1
487,3,43.040927,-76.21183,1,1
488,3,43.040927,-76.21203,1,1
489,3,43.040927,-76.21223,1,1
490,3,43.040927,-76.21243,1,1
491,3,43.040927,-76.21263,1,1
492,3,43.040927,-76.21283,1,1
493,3,43.040927,-76.21303,1,1
494,3,43.040927,-76.21323,1,1
495,3,43.040927,-76.21343,1,1
496,3,43.040927,-76.21363,1,1
497,3,43.040927,-76.21383,1,1
498,3,43.040927,-76.21403,1,1
499,3,43.040927,-76.21423,1,1
500,3,43.040927,-76.21443,-1,1
0,4,43.032927,-76.11443,1,1
1,4,43.032927,-76.11463,1,1
2,4,43.032927,-76.11483,1,1
3,4,43.032927,-76.11503,1,1
4,4,43.032927,-76.11523,1,1
5,4,43.032927,-76.11543,1,1
6,4,43.032927,-76.11563,1,1
7,4,43.032927,-76.11583,1,1
8,4,43.032927,-76.11603,1,1
9,4,43.032927,-76.11623,1,1
10,4,43.032927,-76.11643,1,1
11,4,43.032927,-76.11663,1,1
12,4,43.032927,-76.11683,1,1
13,4,43.032927,-76.11703,1,1
14,4,43.032927,-76.11723,1,1
15,4,43.032927,-76.11743,1,1
16,4,43.032927,-76.11763,1,1
17,4,43.032927,-76.11783,1,1
18,4,43.032927,-76.11803,1,1
19,4,43.032927,-76.11823,1,1
20,4,43.032927,-76.11843,1,1
21,4,43.032927,-76.11863,1,1
22,4,43.032927,-76.11883,1,1
23,4,43.032927,-76.11903,1,1
24,4,43.032927,-76.11923,1,1
25,4,43.032927,-76.11943,1,1
26,4,43.032927,-76.11963,1,1
27,4,43.032927,-76.11983,1,1
28,4,43.032927,-76.12003,1,1
29,4,43.032927,-76.12023,1,1
30,4,43.032927,-76.12043,1,1
31,4,43.032927,-76.12063,1,1
32,4,43.032927,-76.12083,1,1
33,4,43.032927,-76.12103,1,1
34,4,43.032927,-76.12123,1,1
35,4,43.032927,-76.12143,1,1
36,4,43.032927,-76.12163,1,1
37,4,43.032927,-76.12183,1,1
38,4,43.032927,-76.12203,1,1
39,4,43.032927,-76.12223,1,1
40,4,43.032927,-76.12243,1,1
41,4,43.032927,-76.12263,1,1
42,4,43.032927,-76.12283,1,1
43,4,43.032927,-76.12303,1,1
44,4,43.032927,-76.12323,1,1
45,4,43.032927,-76.12343,1,1
46,4,43.032927,-76.12363,1,1
47,4,43.032927,-76.12383,1,1
48,4,43.032927,-76.12403,1,1
49,4,43.032927,-76.12423,1,1
50,4,43.032927,-76.12443,1,1
51,4,43.032927,-76.12463,1,1
52,4,43.032927,-76.12483,1,1
53,4,43.032927,-76.12503,1,1
54,4,43.032927,-76.12523,1,1
55,4,43.032927,-76.12543,1,1
56,4,43.032927,-76.12563,1,1
57,4,43.032927,-76.12583,1,1
58,4,43.032927,-76.12603,1,1
59,4,43.032927,-76.12623,1,1
60,4,43.032927,-76.12643,1,1
61,4,43.032927,-76.12663,1,1
62,4,43.032927,-76.12683,1,1
63,4,43.032927,-76.12703,1,1
64,4,43.032927,-76.12723,1,1
65,4,43.032927,-76.12743,1,1
66,4,43.032927,-76.12763,1,1
67,4,43.032927,-76.12783,1,1
68,4,43.032927,-76.12803,1,1
69,4,43.032927,-76.12823,1,1
70,4,43.032927,-76.12843,1,1
71,4,43.032927,-76.12863,1,1
72,4,43.032927,-76.12883,1,1
73,4,43.032927,-76.12903,1,1
74,4,43.032927,-76.12923,1,1
75,4,43.032927,-76.12943,1,1
76,4,43.032927,-76.12963,1,1
77,4,43.032927,-76.12983,1,1
78,4,43.032927,-76.13003,1,1
79,4,43.032927,-76.13023,1,1
80,4,43.032927,-76.13043,1,1
81,4,43.032927,-76.13063,1,1
82,4,43.032927,-76.13083,1,1
83,4,43.032927,-76.13103,1,1
84,4,43.032927,-76.13123,1,1
85,4,43.032927,-76.13143,1,1
86,4,43.032927,-76.13163,1,1
87,4,43.032927,-76.13183,1,1
88,4,43.032927,-76.13203,1,1
89,4,43.032927,-76.13223,1,1
90,4,43.032927,-76.13243,1,1
91,4,43.032927,-76.13263,1,1
92,4,43.032927,-76.13283,1,1
93,4,43.032927,-76.13303,1,1
94,4,43.032927,-76.13323,1,1
95,4,43.032927,-76.13343,1,1
96,4,43.032927,-76.13363,1,1
97,4,43.032927,-76.13383,1,1
98,4,43.032927,-76.13403,1,1
99,4,43.032927,-76.13423,1,1
100,4,43.032927,-76.13443,1,1
101,4,43.032927,-76.13463,1,1
102,4,43.032927,-76.13483,1,1
103,4,43.032927,-76.13503,1,1
104,4,43.032927,-76.13523,1,1
105,4,43.032927,-76.13543,1,1
106,4,43.032927,-76.13563,1,1
107,4,43.032927,-76.13583,1,1
108,4,43.032927,-76.13603,1,1
109,4,43.032927,-76.13623,1,1
110,4,43.032927,-76.13643,-2,1
111,4,43.032927,-76.13663,1,2
112,4,43.032927,-76.13683,1,2
113,4,43.032927,-76.13703,1,2
114,4,43.032927,-76.13723,1,2
115,4,43.032927,-76.13743,1,2
116,4,43.032927,-76.13763,1,2
117,4,43.032927,-76.13783,1,2
118,4,43.032927,-76.13803,1,2
119,4,43.032927,-76.13823,1,2
120,4,43.032927,-76.13843,1,2
121,4,43.032927,-76.13863,1,2
122,4,43.032927,-76.13883,1,2
123,4,43.032927,-76.13903,1,2
124,4,43.032927,-76.13923,1,2
125,4,43.032927,-76.13943,1,2
126,4,43.032927,-76.13963,1,2
127,4,43.032927,-76.13983,1,2
128,4,43.032927,-76.14003,1,2
129,4,43.032927,-76.14023,1,2
130,4,43.032927,-76.14043,1,2
131,4,43.032927,-76.14063,1,2
132,4,43.032927,-76.14083,1,2
133,4,43.032927,-76.14103,1,2
134,4,43.032927,-76.14123,1,2
135,4,43.032927,-76.14143,1,2
136,4,43.032927,-76.14163,1,2
137,4,43.032927,-76.14183,1,2
138,4,43.032927,-76.14203,1,2
139,4,43.032927,-76.14223,1,2
140,4,43.032927,-76.14243,1,2
141,4,43.032927,-76.14263,1,2
142,4,43.032927,-76.14283,1,2
143,4,43.032927,-76.14303,1,2
144,4,43.032927,-76.14323,1,2
145,4,43.032927,-76.14343,1,2
146,4,43.032927,-76.14363,1,2
147,4,43.032927,-76.14383,1,2
148,4,43.032927,-76.14403,1,2
149,4,43.032927,-76.14423,1,2
150,4,43.032927,-76.14443,1,2
151,4,43.032927,-76.14463,1,2
152,4,43.032927,-76.14483,1,2
153,4,43.032927,-76.14503,1,2
154,4,43.032927,-76.14523,1,2
155,4,43.032927,-76.14543,1,2
156,4,43.032927,-76.14563,1,2
157,4,43.032927,-76.14583,1,2
158,4,43.032927,-76.14603,1,2
159,4,43.032927,-76.14623,1,2
160,4,43.032927,-76.14643,1,2
161,4,43.032927,-76.14663,1,2
162,4,43.032927,-76.14683,1,2
163,4,43.032927,-76.14703,1,2
164,4,43.032927,-76.14723,1,2
165,4,43.032927,-76.14743,1,2
166,4,43.032927,-76.14763,1,2
167,4,43.032927,-76.14783,1,2
168,4,43.032927,-76.14803,1,2
169,4,43.032927,-76.14823,1,2
170,4,43.032927,-76.14843,1,2
171,4,43.032927,-76.14863,1,2
172,4,43.032927,-76.14883,1,2
173,4,43.032927,-76.14903,1,2
174,4,43.032927,-76.14923,1,2
175,4,43.032927,-76.14943,1,2
176,4,43.032927,-76.14963,1,2
177,4,43.032927,-76.14983,1,2
178,4,43.032927,-76.15003,1,2
179,4,43.032927,-76.15023,1,2
180,4,43.032927,-76.15043,1,2
181,4,43.032927,-76.15063,1,2
182,4,43.032927,-76.15083,1,2
183,4,43.032927,-76.15103,1,2
184,4,43.032927,-76.15123,1,2
185,4,43.032927,-76.15143,1,2
186,4,43.032927,-76.15163,1,2
187,4,43.032927,-76.15183,1,2
188,4,43.032927,-76.15203,1,2
189,4,43.032927,-76.15223,1,2
190,4,43.032927,-76.15243,1,2
191,4,43.032927,-76.15263,1,2
192,4,43.032927,-76.15283,1,2
193,4,43.032927,-76.15303,1,2
194,4,43.032927,-76.15323,1,2
195,4,43.032927,-76.15343,1,2
196,4,43.032927,-76.15363,1,2
197,4,43.032927,-76.15383,1,2
198,4,43.032927,-76.15403,1,2
199,4,43.032927,-76.15423,1,2
200,4,43.032927,-76.15443,1,2
201,4,43.032927,-76.15463,1,2
202,4,43.032927,-76.15483,1,2
203,4,43.032927,-76.15503,1,2
204,4,43.032927,-76.15523,1,2
205,4,43.032927,-76.15543,1,2
206,4,43.032927,-76.15563,1,2
207,4,43.032927,-76.15583,1,2
208,4,43.032927,-76.15603,1,2
209,4,43.032927,-76.15623,1,2
210,4,43.032927,-76.15643,1,2
211,4,43.032927,-76.15663,1,2
212,4,43.032927,-76.15683,1,2
213,4,43.032927,-76.15703,1,2
214,4,43.032927,-76.15723,1,2
215,4,43.032927,-76.15743,1,2
216,4,43.032927,-76.15763,1,2
217,4,43.032927,-76.15783,1,2
218,4,43.032927,-76.15803,1,2
219,4,43.032927,-76.15823,1,2
220,4,43.032927,-76.15843,1,2
221,4,43.032927,-76.15863,1,2
222,4,43.032927,-76.15883,1,2
223,4,43.032927,-76.15903,1,2
224,4,43.032927,-76.15923,1,2
225,4,43.032927,-76.15943,1,2
226,4,43.032927,-76.15963,1,2
227,4,43.032927,-76.15983,1,2
228,4,43.032927,-76.16003,1,2
229,4,43.032927,-76.16023,1,2
230,4,43.032927,-76.16043,1,2
231,4,43.032927,-76.16063,1,2
232,4,43.032927,-76.16083,1,2
233,4,43.032927,-76.16103,1,2
234,4,43.032927,-76.16123,1,2
235,4,43.032927,-76.16143,1,2
236,4,43.032927,-76.16163,1,2
237,4,43.032927,-76.16183,1,2
238,4,43.032927,-76.16203,1,2
239,4,43.032927,-76.16223,1,2
240,4,43.032927,-76.16243,1,2
241,4,43.032927,-76.16263,1,2
242,4,43.032927,-76.16283,1,2
243,4,43.032927,-76.16303,1,2
244,4,43.032927,-76.16323,1,2
245,4,43.032927,-76.16343,1,2
246,4,43.032927,-76.16363,1,2
247,4,43.032927,-76.16383,1,2
248,4,43.032927,-76.16403,1,2
249,4,43.032927,-76.16423,1,2
250,4,43.032927,-76.16443,-2,2
251,4,43.032927,-76.16463,1,3
252,4,43.032927,-76.16483,1,3
253,4,43.032927,-76.16503,1,3
254,4,43.032927,-76.16523,1,3
255,4,43.032927,-76.16543,1,3
256,4,43.032927,-76.16563,1,3
257,4,43.032927,-76.16583,1,3
258,4,43.032927,-76.16603,1,3
259,4,43.032927,-76.16623,1,3
260,4,43.032927,-76.16643,1,3
261,4,43.032927,-76.16663,1,3
262,4,43.032927,-76.16683,1,3
263,4,43.032927,-76.16703,1,3
264,4,43.032927,-76.16723,1,3
265,4,43.032927,-76.16743,1,3
266,4,43.032927,-76.16763,1,3
267,4,43.032927,-76.16783,1,3
268,4,43.032927,-76.16803,1,3
269,4,43.032927,-76.16823,1,3
270,4,43.032927,-76.16843,1,3
271,4,43.032927,-76.16863,1,3
272,4,43.032927,-76.16883,1,3
273,4,43.032927,-76.16903,1,3
274,4,43.032927,-76.16923,1,3
275,4,43.032927,-76.16943,1,3
276,4,43.032927,-76.16963,1,3
277,4,43.032927,-76.16983,1,3
278,4,43.032927,-76.17003,1,3
279,4,43.032927,-76.17023,1,3
280,4,43.032927,-76.17043,1,3
281,4,43.032927,-76.17063,1,3
282,4,43.032927,-76.17083,1,3
283,4,43.032927,-76.17103,1,3
284,4,43.032927,-76.17123,1,3
285,4,43.032927,-76.17143,1,3
286,4,43.032927,-76.17163,1,3
287,4,43.032927,-76.17183,1,3
288,4,43.032927,-76.17203,1,3
289,4,43.032927,-76.17223,1,3
290,4,43.032927,-76.17243,1,3
291,4,43.032927,-76.17263,1,3
292,4,43.032927,-76.17283,1,3
293,4,43.032927,-76.17303,1,3
294,4,43.032927,-76.17323,1,3
295,4,43.032927,-76.17343,1,3
296,4,43.032927,-76.17363,1,3
297,4,43.032927,-76.17383,1,3
298,4,43.032927,-76.17403,1,3
299,4,43.032927,-76.17423,1,3
300,4,43.032927,-76.17443,1,3
301,4,43.032927,-76.17463,1,3
302,4,43.032927,-76.17483,1,3
303,4,43.032927,-76.17503,1,3
304,4,43.032927,-76.17523,1,3
305,4,43.032927,-76.17543,1,3
306,4,43.032927,-76.17563,1,3
307,4,43.032927,-76.17583,1,3
308,4,43.032927,-76.17603,1,3
309,4,43.032927,-76.17623,1,3
310,4,43.032927,-76.17643,1,3
311,4,43.032927,-76.17663,1,3
312,4,43.032927,-76.17683,1,3
313,4,43.032927,-76.17703,1,3
314,4,43.032927,-76.17723,1,3
315,4,43.032927,-76.17743,1,3
316,4,43.032927,-76.17763,1,3
317,4,43.032927,-76.17783,1,3
318,4,43.032927,-76.17803,1,3
319,4,43.032927,-76.17823,1,3
320,4,43.032927,-76.17843,1,3
321,4,43.032927,-76.17863,1,3
322,4,43.032927,-76.17883,1,3
323,4,43.032927,-76.17903,1,3
324,4,43.032927,-76.17923,1,3
325,4,43.032927,-76.17943,1,3
326,4,43.032927,-76.17963,1,3
327,4,43.032927,-76.17983,1,3
328,4,43.032927,-76.18003,1,3
329,4,43.032927,-76.18023,1,3
330,4,43.032927,-76.18043,1,3
331,4,43.032927,-76.18063,1,3
332,4,43.032927,-76.18083,1,3
333,4,43.032927,-76.18103,1,3
334,4,43.032927,-76.18123,1,3
335,4,43.032927,-76.18143,1,3
336,4,43.032927,-76.18163,1,3
337,4,43.032927,-76.18183,1,3
338,4,43.032927,-76.18203,1,3
339,4,43.032927,-76.18223,1,3
340,4,43.032927,-76.18243,1,3
341,4,43.032927,-76.18263,1,3
342,4,43.032927,-76.18283,1,3
343,4,43.032927,-76.18303,1,3
344,4,43.032927,-76.18323,1,3
345,4,43.032927,-76.18343,1,3
346,4,43.032927,-76.18363,1,3
347,4,43.032927,-76.18383,1,3
348,4,43.032927,-76.18403,1,3
349,4,43.032927,-76.18423,1,3
350,4,43.032927,-76.18443,1,3
351,4,43.032927,-76.18463,1,3
352,4,43.032927,-76.18483,1,3
353,4,43.032927,-76.18503,1,3
354,4,43.032927,-76.18523,1,3
355,4,43.032927,-76.18543,1,3
356,4,43.032927,-76.18563,1,3
357,4,43.032927,-76.18583,1,3
358,4,43.032927,-76.18603,1,3
359,4,43.032927,-76.18623,1,3
360,4,43.032927,-76.18643,1,3
361,4,43.032927,-76.18663,1,3
362,4,43.032927,-76.18683,1,3
363,4,43.032927,-76.18703,1,3
364,4,43.032927,-76.18723,1,3
365,4,43.032927,-76.18743,1,3
366,4,43.032927,-76.18763,1,3
367,4,43.032927,-76.18783,1,3
368,4,43.032927,-76.18803,1,3
369,4,43.032927,-76.18823,1,3
370,4,43.032927,-76.18843,1,3
371,4,43.032927,-76.18863,1,3
372,4,43.032927,-76.18883,1,3
373,4,43.032927,-76.18903,1,3
374,4,43.032927,-76.18923,1,3
375,4,43.032927,-76.18943,1,3
376,4,43.032927,-76.18963,1,3
377,4,43.032927,-76.18983,1,3
378,4,43.032927,-76.19003,1,3
379,4,43.032927,-76.19023,1,3
380,4,43.032927,-76.19043,1,3
381,4,43.032927,-76.19063,1,3
382,4,43.032927,-76.19083,1,3
383,4,43.032927,-76.19103,1,3
384,4,43.032927,-76.19123,1,3
385,4,43.032927,-76.19143,1,3
386,4,43.032927,-76.19163,1,3
387,4,43.032927,-76.19183,1,3
388,4,43.032927,-76.19203,1,3
389,4,43.032927,-76.19223,1,3
390,4,43.032927,-76.19243,-2,3
391,4,43.032927,-76.19263,1,4
392,4,43.032927,-76.19283,1,4
393,4,43.032927,-76.19303,1,4
394,4,43.032927,-76.19323,1,4
395,4,43.032927,-76.19343,1,4
396,4,43.032927,-76.19363,1,4
397,4,43.032927,-76.19383,1,4
398,4,43.032927,-76.19403,1,4
399,4,43.032927,-76.19423,1,4
400,4,43.032927,-76.19443,1,4
401,4,43.032927,-76.19463,1,4
402,4,43.032927,-76.19483,1,4
403,4,43.032927,-76.19503,1,4
404,4,43.032927,-76.19523,1,4
405,4,43.032927,-76.19543,1,4
406,4,43.032927,-76.19563,1,4
407,4,43.032927,-76.19583,1,4
408,4,43.032927,-76.19603,1,4
409,4,43.032927,-76.19623,1,4
410,4,43.032927,-76.19643,1,4
411,4,43.032927,-76.19663,1,4
412,4,43.032927,-76.19683,1,4
413,4,43.032927,-76.19703,1,4
414,4,43.032927,-76.19723,1,4
415,4,43.032927,-76.19743,1,4
416,4,43.032927,-76.19763,1,4
417,4,43.032927,-76.19783,1,4
418,4,43.032927,-76.19803,1,4
419,4,43.032927,-76.19823,1,4
420,4,43.032927,-76.19843,1,4
421,4,43.032927,-76.19863,1,4
422,4,43.032927,-76.19883,1,4
423,4,43.032927,-76.19903,1,4
424,4,43.032927,-76.19923,1,4
425,4,43.032927,-76.19943,1,4
426,4,43.032927,-76.19963,1,4
427,4,43.032927,-76.19983,1,4
428,4,43.032927,-76.20003,1,4
429,4,43.032927,-76.20023,1,4
430,4,43.032927,-76.20043,1,4
431,4,43.032927,-76.20063,1,4
432,4,43.032927,-76.20083,1,4
433,4,43.032927,-76.20103,1,4
434,4,43.032927,-76.20123,1,4
435,4,43.032927,-76.20143,1,4
436,4,43.032927,-76.20163,1,4
437,4,43.032927,-76.20183,1,4
438,4,43.032927,-76.20203,1,4
439,4,43.032927,-76.20223,1,4
440,4,43.032927,-76.20243,1,4
441,4,43.032927,-76.20263,1,4
442,4,43.032927,-76.20283,1,4
443,4,43.032927,-76.20303,1,4
444,4,43.032927,-76.20323,1,4
445,4,43.032927,-76.20343,1,4
446,4,43.032927,-76.20363,1,4
447,4,43.032927,-76.20383,1,4
448,4,43.032927,-76.20403,1,4
449,4,43.032927,-76.20423,1,4
450,4,43.032927,-76.20443,1,4
451,4,43.032927,-76.20463,1,4
452,4,43.032927,-76.20483,1,4
453,4,43.032927,-76.20503,1,4
454,4,43.032927,-76.20523,1,4
455,4,43.032927,-76.20543,1,4
456,4,43.032927,-76.20563,1,4
457,4,43.032927,-76.20583,1,4
458,4,43.032927,-76.20603,1,4
459,4,43.032927,-76.20623,1,4
460,4,43.032927,-76.20643,1,4
461,4,43.032927,-76.20663,1,4
462,4,43.032927,-76.20683,1,4
463,4,43.032927,-76.20703,1,4
464,4,43.032927,-76.20723,1,4
465,4,43.032927,-76.20743,1,4
466,4,43.032927,-76.20763,1,4
467,4,43.032927,-76.20783,1,4
468,4,43.032927,-76.20803,1,4
469,4,43.032927,-76.20823,1,4
470,4,43.032927,-76.20843,1,4
471,4,43.032927,-76.20863,1,4
472,4,43.032927,-76.20883,1,4
473,4,43.032927,-76.20903,1,4
474,4,43.032927,-76.20923,1,4
475,4,43.032927,-76.20943,1,4
476,4,43.032927,-76.20963,1,4
477,4,43.032927,-76.20983,1,4
478,4,43.032927,-76.21003,1,4
479,4,43.032927,-76.21023,1,4
480,4,43.032927,-76.21043,1,4
481,4,43.032927,-76.21063,1,4
482,4,43.032927,-76.21083,1,4
483,4,43.032927,-76.21103,1,4
484,4,43.032927,-76.21123,1,4
485,4,43.032927,-76.21143,1,4
486,4,43.032927,-76.21163,1,4
487,4,43.032927,-76.21183,1,4
488,4,43.032927,-76.21203,1,4
489,4,43.032927,-76.21223,1,4
490,4,43.032927,-76.21243,1,4
491,4,43.032927,-76.21263,1,4
492,4,43.032927,-76.21283,1,4
493,4,43.032927,-76.21303,1,4
494,4,43.032927,-76.21323,1,4
495,4,43.032927,-76.21343,1,4
496,4,43.032927,-76.21363,1,4
497,4,43.032927,-76.21383,1,4
498,4,43.032927,-76.21403,1,4
499,4,43.032927,-76.21423,1,4
500,4,43.032927,-76.21443,-1,4
