TimeStep,ID,Latitude,Longitude,SignalStrength,CurrentBasestation,finished,Trajectory,Level,Flag
6,228074363,43.0373094,-76.1319744,100000,8,2,1,3,1
6,763729462,43.0373858,-76.1325903,100000,8,2,1,3,1
7,228074363,43.0371543,-76.1320989,100000,8,2,1,3,1
7,763729462,43.0372412,-76.1323487,100000,8,2,1,3,1
8,228074363,43.036998,-76.1322206,100000,8,2,1,3,1
8,763729462,43.0370964,-76.132107,100000,8,2,1,3,1
27,869939281,43.03712,-76.1323887,100000,43,2,1,3,1
27,1851707968,43.0370817,-76.1312059,100000,43,2,1,3,1
28,869939281,43.0370847,-76.1321483,100000,43,2,1,3,1
28,1940187485,43.0792456,-76.1848461,999,-1,2,1,2,1
28,1851707968,43.0369237,-76.1313236,100000,43,2,1,3,1
29,1851707968,43.0367658,-76.1314408,100000,43,2,1,3,1
29,1940187485,43.0792115,-76.1846049,999,-1,2,1,2,1
29,869939281,43.0370489,-76.1319079,100000,43,2,1,3,1
30,1940187485,43.0791773,-76.1843637,999,-1,2,1,2,1
30,869939281,43.0370127,-76.1316676,100000,43,2,1,3,1
30,709958743,43.0362922,-76.1322606,100000,8,2,1,3,1
30,1851707968,43.0366073,-76.1315569,100000,43,2,1,3,1
31,709958743,43.0362538,-76.1320209,100000,8,2,1,3,1
31,1851707968,43.0364475,-76.1316699,100000,8,2,1,3,1
32,1851707968,43.0362878,-76.1317829,100000,8,2,1,3,1
32,709958743,43.036215,-76.1317813,100000,8,2,1,3,1
33,1851707968,43.0361267,-76.1318927,100000,8,2,1,3,1
33,709958743,43.0361757,-76.1315418,100000,8,2,1,3,1
39,2080457178,43.0371369,-76.132317,100000,43,2,1,2,1
42,1395628267,43.0377998,-76.1335544,100000,8,2,1,2,1
42,1034611138,43.0370925,-76.1331566,100000,43,2,1,2,1
43,1395628267,43.0377645,-76.1333138,100000,8,2,1,2,1
43,1034611138,43.0369573,-76.1334002,100000,8,2,1,2,1
56,239432721,43.0723516,-76.1809162,999,-1,2,1,1,1
56,152665041,43.0726076,-76.1810195,999,-1,2,1,1,1
64,1274715429,43.0369353,-76.1315855,100000,8,2,1,2,1
65,1548276411,43.036813,-76.1320422,100000,43,2,1,2,1
65,1274715429,43.0367553,-76.1314308,100000,8,2,1,2,1
66,1274715429,43.0365753,-76.1315899,100000,8,2,1,2,1
66,1548276411,43.0367753,-76.1318023,100000,43,2,1,2,1
67,1548276411,43.036737,-76.1315625,100000,43,2,1,2,1
67,1274715429,43.0363952,-76.1315899,100000,8,2,1,2,1
73,1842140509,43.0370813,-76.1317051,100000,8,2,1,2,1
73,596928977,43.0372103,-76.1314796,100000,8,2,1,2,1
94,1811623544,43.0372298,-76.1320209,100000,8,2,1,3,1
95,1811623544,43.037094,-76.1322642,100000,8,2,1,3,1
95,1811795239,43.0377071,-76.1328396,100000,8,2,1,3,1
96,1811623544,43.0369583,-76.1325076,100000,8,2,1,3,1
96,1811795239,43.0376716,-76.132599,100000,8,2,1,3,1
97,1811795239,43.0376356,-76.1323585,100000,8,2,1,3,1
97,1811623544,43.0368224,-76.1327511,100000,8,2,1,3,1
98,1775135308,43.0375564,-76.1344963,100000,8,2,1,2,1
101,522154151,43.0756293,-76.1855353,999,-1,2,1,2,1
101,1612799900,43.0373555,-76.1313259,100000,8,2,1,1,1
102,1612799900,43.0372101,-76.1310844,100000,8,2,1,1,1
102,108564608,43.0375511,-76.1314806,100000,8,2,1,1,1
114,1173077651,43.0288025,-76.1332425,100000,8,2,1,2,1
114,624014786,43.0284238,-76.1331777,100000,8,2,1,2,1
119,66473225,43.0379602,-76.1320285,100000,8,2,1,3,1
123,1741494862,43.0372179,-76.1299234,100000,8,2,1,3,1
123,770629716,43.0375308,-76.1309161,100000,8,2,1,3,1
128,1676724717,43.0375978,-76.1300165,100000,8,2,1,3,1
128,1546226713,43.0376156,-76.1302836,100000,8,2,1,3,1
129,1676724717,43.0374258,-76.1300889,100000,8,2,1,3,1
129,1546226713,43.0376564,-76.1300446,100000,8,2,1,3,1
135,1301188036,43.0370266,-76.1313492,100000,8,2,1,3,1
135,1676724717,43.0364452,-76.1302367,100000,8,2,1,3,1
137,1644499159,43.0694295,-76.1638037,999,-1,2,1,3,1
137,548040938,43.0695564,-76.1640788,100000,15,2,1,3,1
138,548040938,43.0695157,-76.1638396,100000,15,2,1,3,1
138,1644499159,43.0693432,-76.1635882,999,-1,2,1,3,1
139,1644499159,43.0692561,-76.1633732,999,-1,2,1,3,1
139,548040938,43.069475,-76.1636006,999,-1,2,1,3,1
140,548040938,43.0694339,-76.1633615,999,-1,2,1,3,1
140,1644499159,43.0691687,-76.1631586,999,-1,2,1,3,1
141,1644499159,43.0690809,-76.1629442,999,-1,2,1,3,1
141,548040938,43.0693933,-76.1631224,999,-1,2,1,3,1
151,1213864064,43.0365286,-76.1317156,100000,8,2,1,1,1
152,1441184912,43.0375837,-76.1311053,100000,8,2,1,1,1
152,1819312978,43.0375872,-76.1317579,100000,8,2,1,1,1
152,1213864064,43.0364933,-76.1314753,100000,8,2,1,1,1
152,2057984427,43.0375104,-76.1336915,100000,8,2,1,1,1
152,529781240,43.0361318,-76.130358,100000,8,2,1,1,1
153,1441184912,43.0374482,-76.131347,100000,8,2,1,1,1
153,1819312978,43.0377304,-76.1315159,100000,8,2,1,1,1
153,529781240,43.035961,-76.1302801,100000,8,2,1,1,1
153,1213864064,43.0364575,-76.1312351,100000,8,2,1,1,1
153,2057984427,43.0374773,-76.1334517,100000,8,2,1,1,1
154,2057984427,43.0374441,-76.1332117,100000,8,2,1,1,1
154,529781240,43.0357901,-76.1302023,100000,8,2,1,1,1
154,1213864064,43.0364214,-76.1309949,100000,8,2,1,1,1
154,1441184912,43.0373131,-76.1315898,100000,8,2,1,1,1
155,1213864064,43.0363848,-76.1307548,100000,8,2,1,1,1
155,2057984427,43.0374104,-76.1329712,100000,8,2,1,1,1
155,1441184912,43.0371779,-76.131833,100000,8,2,1,1,1
155,529781240,43.0356184,-76.1301284,100000,8,2,1,1,1
156,2057984427,43.0373765,-76.1327305,100000,8,2,1,1,1
156,59816515,43.0367827,-76.1300526,100000,8,2,1,1,1
156,1213864064,43.036348,-76.1305148,100000,8,2,1,1,1
156,1441184912,43.0370426,-76.1320763,100000,8,2,1,1,1
157,2057984427,43.0373421,-76.1324898,100000,8,2,1,1,1
157,1213864064,43.0363105,-76.1302748,100000,8,2,1,1,1
157,967216807,43.0371364,-76.1302409,100000,8,2,1,1,1
157,1441184912,43.0369071,-76.1323198,100000,8,2,1,1,1
157,59816515,43.0366087,-76.1301152,100000,8,2,1,1,1
158,59816515,43.0364338,-76.1301736,100000,8,2,1,1,1
158,2057984427,43.0373075,-76.1322489,100000,8,2,1,1,1
158,1213864064,43.0362728,-76.1300349,100000,8,2,1,1,1
158,1441184912,43.0367716,-76.1325634,100000,8,2,1,1,1
174,935828074,43.0376633,-76.134957,100000,8,2,1,3,1
175,1674039856,43.0370595,-76.1340682,100000,8,2,1,3,1
175,935828074,43.0375197,-76.1347153,100000,8,2,1,3,1
176,935828074,43.0373766,-76.1344733,100000,8,2,1,3,1
176,1674039856,43.0369138,-76.1338267,100000,8,2,1,3,1
177,1674039856,43.0368812,-76.1335852,100000,8,2,1,3,1
177,935828074,43.0372335,-76.1342315,100000,8,2,1,3,1
177,1600134774,43.0368903,-76.1301649,100000,8,2,1,2,1
177,1325183645,43.0358948,-76.1307303,100000,8,2,1,2,1
178,1325183645,43.0357492,-76.130489,100000,8,2,1,2,1
178,1600134774,43.0367719,-76.12998,100000,8,2,1,2,1
179,1600134774,43.0366538,-76.1297947,100000,8,2,1,2,1
179,1325183645,43.0357166,-76.1302478,100000,8,2,1,2,1
180,1325183645,43.0356837,-76.1300066,100000,8,2,1,2,1
180,1600134774,43.0365343,-76.1296111,100000,8,2,1,2,1
181,1325183645,43.0356502,-76.1297655,100000,8,2,1,2,1
181,1600134774,43.0364136,-76.129429,100000,8,2,1,2,1
182,1325183645,43.0356164,-76.1295245,100000,8,2,1,2,1
182,624014786,43.0174643,-76.1315004,100000,16,2,1,2,1
182,1274715429,43.0177443,-76.131736,100000,16,2,1,2,1
182,1600134774,43.0362917,-76.1292485,100000,8,2,1,2,1
183,1325183645,43.035582,-76.1292836,100000,8,2,1,2,1
183,1674039856,43.0363523,-76.1324705,100000,8,2,1,3,1
183,1600134774,43.0361671,-76.1290714,100000,8,2,1,2,1
184,1600134774,43.0360425,-76.1288941,100000,8,2,1,2,1
184,2013627957,43.0692046,-76.1727546,100000,15,2,1,3,1
184,737580990,43.0685116,-76.1721842,100000,15,2,1,3,1
184,1325183645,43.0355473,-76.1290429,100000,8,2,1,2,1
185,1325183645,43.035512,-76.1288023,100000,8,2,1,2,1
185,2013627957,43.0691445,-76.1725232,100000,15,2,1,3,1
185,1600134774,43.0359166,-76.1287187,100000,8,2,1,2,1
185,737580990,43.0684397,-76.171959,100000,15,2,1,3,1
186,1600134774,43.0357893,-76.1285452,100000,8,2,1,2,1
186,1325183645,43.0354764,-76.1285618,100000,43,2,1,2,1
187,2001911375,43.0370955,-76.1320204,100000,8,2,1,3,1
187,1325183645,43.0354417,-76.1283209,100000,43,2,1,2,1
187,1600134774,43.0356606,-76.1283736,100000,8,2,1,2,1
187,1691491357,43.0373347,-76.1313872,100000,8,2,1,3,1
188,1600134774,43.0355305,-76.1282039,100000,8,2,1,2,1
188,2001911375,43.0370621,-76.1317794,100000,8,2,1,3,1
188,1691491357,43.0371567,-76.1315786,100000,8,2,1,3,1
189,2001911375,43.0370283,-76.1315384,100000,8,2,1,3,1
189,1420354992,43.0369519,-76.1347395,100000,8,2,1,1,1
189,935828074,43.036047,-76.1320185,100000,8,2,1,3,1
189,1691491357,43.0369784,-76.1317661,100000,8,2,1,3,1
189,1600134774,43.035399,-76.1280364,100000,43,2,1,2,1
190,1223146524,43.0365952,-76.1345937,100000,8,2,1,1,1
190,1420354992,43.0368061,-76.1344981,100000,8,2,1,1,1
190,935828074,43.0359031,-76.1317767,100000,8,2,1,3,1
190,1691491357,43.0367997,-76.1319496,100000,8,2,1,3,1
190,1600134774,43.0352674,-76.127869,100000,43,2,1,2,1
191,1600134774,43.0351343,-76.1277038,100000,43,2,1,2,1
198,935828074,43.035086,-76.13029,100000,8,2,1,3,1
199,935828074,43.0349411,-76.1300485,100000,8,2,1,3,1
199,1674039856,43.0347991,-76.1296427,100000,8,2,1,3,1
202,325242032,43.0366036,-76.1318593,100000,8,2,1,1,1
202,1153081474,43.0362724,-76.1306234,100000,8,2,1,1,1
203,1655824466,43.0356715,-76.130515,100000,8,2,1,1,1
203,1153081474,43.0361463,-76.130448,100000,8,2,1,1,1
203,325242032,43.0365696,-76.1316188,100000,8,2,1,1,1
204,1655824466,43.0354992,-76.1305853,100000,8,2,1,1,1
204,1153081474,43.0360201,-76.1302726,100000,8,2,1,1,1
204,1420354992,43.0354703,-76.1320007,100000,8,2,1,1,1
204,325242032,43.0365351,-76.1313783,100000,8,2,1,1,1
205,1420354992,43.0354378,-76.1317598,100000,8,2,1,1,1
205,1655824466,43.0353262,-76.130653,100000,8,2,1,1,1
206,1655824466,43.0351532,-76.1307207,100000,8,2,1,1,1
206,1420354992,43.0354048,-76.1315188,100000,8,2,1,1,1
207,1655824466,43.0349794,-76.1307843,100000,8,2,1,1,1
207,1420354992,43.0353715,-76.1312778,100000,8,2,1,1,1
208,1420354992,43.0353378,-76.1310371,100000,8,2,1,1,1
208,1655824466,43.0348056,-76.1308481,100000,8,2,1,1,1
209,1153081474,43.0352621,-76.1298952,100000,8,2,1,1,1
209,1420354992,43.0353038,-76.1307965,100000,8,2,1,1,1
210,1153081474,43.0351325,-76.1297246,100000,8,2,1,1,1
210,1420354992,43.0352693,-76.130556,100000,8,2,1,1,1
211,1153081474,43.0350017,-76.1295558,100000,8,2,1,1,1
211,1420354992,43.0352345,-76.1303155,100000,8,2,1,1,1
212,1420354992,43.0351992,-76.130075,100000,8,2,1,1,1
212,1153081474,43.0348697,-76.1293888,100000,8,2,1,1,1
213,1420354992,43.0351636,-76.1298346,100000,8,2,1,1,1
213,1153081474,43.0347365,-76.1292236,100000,8,2,1,1,1
214,1420354992,43.0351275,-76.1295943,100000,8,2,1,1,1
214,1153081474,43.0346031,-76.1290586,100000,8,2,1,1,1
215,1420354992,43.0350911,-76.1293541,100000,8,2,1,1,1
215,1153081474,43.0344685,-76.1288955,100000,8,2,1,1,1
216,1420354992,43.0350541,-76.1291141,100000,8,2,1,1,1
216,1153081474,43.0343327,-76.1287343,100000,8,2,1,1,1
226,973243084,43.0373707,-76.1315501,100000,8,2,1,3,1
227,748606661,43.0377498,-76.1318398,100000,8,2,1,3,1
227,973243084,43.0372329,-76.1313919,100000,8,2,1,3,1
228,748606661,43.0376046,-76.1315983,100000,8,2,1,3,1
228,973243084,43.037094,-76.1312358,100000,8,2,1,3,1
229,973243084,43.0369539,-76.1310816,100000,8,2,1,3,1
229,748606661,43.037459,-76.1313569,100000,8,2,1,3,1
235,2115295475,43.0377544,-76.1340791,100000,8,2,1,2,1
235,681005588,43.0374868,-76.133264,100000,8,2,1,2,1
236,681005588,43.0373501,-76.1335072,100000,8,2,1,2,1
236,2115295475,43.0378951,-76.1338366,100000,8,2,1,2,1
239,1206230229,43.0376395,-76.1344637,100000,8,2,1,1,1
239,901095119,43.0374852,-76.1343621,100000,8,2,1,1,1
239,1522080926,43.0373984,-76.1335552,100000,8,2,1,1,1
240,1522080926,43.037262,-76.1337984,100000,8,2,1,1,1
240,1206230229,43.0374964,-76.1342219,100000,8,2,1,1,1
240,901095119,43.0373494,-76.1346057,100000,8,2,1,1,1
241,799276219,43.0380673,-76.1333047,100000,8,2,1,1,1
241,150235240,43.0365968,-76.1342297,100000,8,2,1,1,1
241,1206230229,43.0373539,-76.13398,100000,8,2,1,1,1
241,1522080926,43.0371255,-76.1340418,100000,8,2,1,1,1
242,799276219,43.0379176,-76.1331684,100000,8,2,1,1,1
242,1206230229,43.0372112,-76.133738,100000,8,2,1,1,1
243,799276219,43.0377665,-76.1330349,100000,8,2,1,1,1
243,1206230229,43.0370682,-76.133496,100000,8,2,1,1,1
244,1206230229,43.036925,-76.1332541,100000,8,2,1,1,1
244,799276219,43.0376142,-76.1329041,100000,8,2,1,1,1
245,1206230229,43.0367814,-76.1330122,100000,8,2,1,1,1
245,799276219,43.0374606,-76.1327761,100000,8,2,1,1,1
246,799276219,43.0373065,-76.1326491,100000,8,2,1,1,1
246,1206230229,43.0366387,-76.1327701,100000,8,2,1,1,1
247,1206230229,43.0364957,-76.132528,100000,8,2,1,1,1
247,799276219,43.0371524,-76.1325223,100000,8,2,1,1,1
248,1206230229,43.0363524,-76.132286,100000,8,2,1,1,1
248,799276219,43.036997,-76.1323985,100000,8,2,1,1,1
249,1206230229,43.0362088,-76.132044,100000,8,2,1,1,1
249,799276219,43.0368404,-76.1322776,100000,8,2,1,1,1
250,799276219,43.0366832,-76.1321581,100000,8,2,1,1,1
250,1206230229,43.036065,-76.1318021,100000,8,2,1,1,1
251,1206230229,43.035922,-76.1315599,100000,8,2,1,1,1
251,799276219,43.0365247,-76.1320419,100000,8,2,1,1,1
275,1735834666,43.0366149,-76.1339263,100000,8,2,1,3,1
275,926616644,43.0368218,-76.1325722,100000,8,2,1,3,1
276,926616644,43.0366419,-76.1324066,100000,8,2,1,3,1
276,1735834666,43.0364713,-76.1336848,100000,8,2,1,3,1
277,926616644,43.036462,-76.1322462,100000,8,2,1,3,1
277,1735834666,43.0363274,-76.1334434,100000,8,2,1,3,1
278,926616644,43.0362819,-76.1320913,100000,8,2,1,3,1
278,1735834666,43.0361831,-76.133202,100000,8,2,1,3,1
279,926616644,43.0361019,-76.132251,100000,8,2,1,3,1
279,1735834666,43.0360385,-76.1329605,100000,8,2,1,3,1
280,926616644,43.0359219,-76.1320962,100000,8,2,1,3,1
280,1735834666,43.0358949,-76.1327188,100000,8,2,1,3,1
280,1720738215,43.0504781,-76.1870243,999,-1,2,1,3,1
281,1720738215,43.0506001,-76.1867792,999,-1,2,1,3,1
281,926616644,43.0357419,-76.1322562,100000,8,2,1,3,1
281,1735834666,43.0357509,-76.132477,100000,8,2,1,3,1
281,1097205301,43.0507019,-76.1864856,999,-1,2,1,3,1
282,1097205301,43.0508207,-76.1862402,999,-1,2,1,3,1
282,926616644,43.0355619,-76.1321015,100000,8,2,1,3,1
282,1720738215,43.0507221,-76.1865341,999,-1,2,1,3,1
282,1735834666,43.0356066,-76.1322353,100000,8,2,1,3,1
283,1097205301,43.0509395,-76.1859948,999,-1,2,1,3,1
283,1720738215,43.0508441,-76.186289,999,-1,2,1,3,1
283,1735834666,43.0354619,-76.1319936,100000,8,2,1,3,1
283,926616644,43.0353819,-76.1322616,100000,8,2,1,3,1
284,1097205301,43.0510583,-76.1857494,999,-1,2,1,3,1
284,1720738215,43.0509662,-76.1860439,999,-1,2,1,3,1
285,1097205301,43.0511772,-76.1855039,999,-1,2,1,3,1
285,1720738215,43.0510882,-76.1857988,999,-1,2,1,3,1
286,1097205301,43.0512957,-76.1852585,999,-1,2,1,3,1
286,1720738215,43.0512103,-76.1855537,999,-1,2,1,3,1
287,1720738215,43.0513321,-76.1853086,999,-1,2,1,3,1
287,1097205301,43.0514143,-76.1850131,999,-1,2,1,3,1
288,1720738215,43.0514539,-76.1850634,999,-1,2,1,3,1
288,1097205301,43.0515329,-76.1847677,999,-1,2,1,3,1
289,1097205301,43.0516514,-76.1845223,999,-1,2,1,3,1
289,1720738215,43.0515757,-76.1848183,999,-1,2,1,3,1
290,1720738215,43.0516976,-76.1845732,999,-1,2,1,3,1
290,1097205301,43.05177,-76.1842769,999,-1,2,1,3,1
291,1720738215,43.0518195,-76.184328,999,-1,2,1,3,1
291,1097205301,43.0518886,-76.1840315,999,-1,2,1,3,1
292,1720738215,43.0519411,-76.1840829,999,-1,2,1,3,1
292,1097205301,43.0520069,-76.1837861,999,-1,2,1,3,1
293,1720738215,43.0520627,-76.1838377,999,-1,2,1,3,1
293,1097205301,43.0521252,-76.1835407,999,-1,2,1,3,1
294,1097205301,43.0522436,-76.1832952,999,-1,2,1,3,1
294,1322518295,43.0382845,-76.1326358,100000,8,2,1,2,1
294,1720738215,43.0521843,-76.1835926,999,-1,2,1,3,1
295,1720738215,43.0523059,-76.1833474,999,-1,2,1,3,1
295,1097205301,43.0523619,-76.1830498,999,-1,2,1,3,1
296,1097205301,43.0524802,-76.1828044,999,-1,2,1,3,1
296,1720738215,43.0524276,-76.1831022,999,-1,2,1,3,1
297,1097205301,43.0525983,-76.182559,999,-1,2,1,3,1
297,1720738215,43.0525493,-76.1828571,999,-1,2,1,3,1
298,1097205301,43.0527163,-76.1823135,999,-1,2,1,3,1
298,1720738215,43.0526706,-76.182612,999,-1,2,1,3,1
299,1097205301,43.0528344,-76.1820681,999,-1,2,1,3,1
299,1720738215,43.052792,-76.1823668,999,-1,2,1,3,1
303,690064096,43.036992,-76.1320535,100000,8,2,1,2,1
303,1322518295,43.0373954,-76.131064,100000,8,2,1,2,1
304,690064096,43.0370552,-76.1318239,100000,8,2,1,2,1
304,1322518295,43.0373582,-76.1308237,100000,8,2,1,2,1
304,1188395269,43.0374061,-76.1320243,100000,8,2,1,2,1
305,690064096,43.0371194,-76.1315948,100000,8,2,1,2,1
305,1188395269,43.0372534,-76.1321545,100000,8,2,1,2,1
305,1661373877,43.0375132,-76.1332477,100000,8,2,1,2,1
305,1322518295,43.0373205,-76.1305836,100000,8,2,1,2,1
306,1661373877,43.0374795,-76.133007,100000,8,2,1,2,1
306,690064096,43.0371841,-76.131366,100000,8,2,1,2,1
306,1322518295,43.0372825,-76.1303435,100000,8,2,1,2,1
306,1188395269,43.0371007,-76.1322845,100000,8,2,1,2,1
307,1188395269,43.0369468,-76.1324117,100000,8,2,1,2,1
307,1661373877,43.0374455,-76.1327661,100000,8,2,1,2,1
307,690064096,43.0372494,-76.1311375,100000,8,2,1,2,1
307,1322518295,43.0372439,-76.1301036,100000,8,2,1,2,1
308,1188395269,43.0367917,-76.1325362,100000,8,2,1,2,1
308,1661373877,43.037411,-76.1325252,100000,8,2,1,2,1
308,87113394,43.0374219,-76.131809,100000,8,2,1,3,1
309,1073907331,43.0368421,-76.1330987,100000,8,2,1,3,1
310,1073907331,43.0366713,-76.1330211,100000,8,2,1,3,1
310,240472754,43.0359279,-76.1328879,100000,8,2,1,3,1
311,240472754,43.0357479,-76.132729,100000,8,2,1,3,1
311,1073907331,43.0365005,-76.1329435,100000,8,2,1,3,1
319,1719904846,43.0186303,-76.0891536,100000,40,2,1,1,1
320,1719904846,43.0184967,-76.0893976,100000,40,2,1,1,1
320,72293611,43.0186567,-76.0884718,100000,40,2,1,1,1
321,1719904846,43.0183638,-76.0896417,100000,40,2,1,1,1
321,72293611,43.0185298,-76.0887161,100000,40,2,1,1,1
322,72293611,43.0184035,-76.0889606,100000,40,2,1,1,1
322,1719904846,43.0182308,-76.0898857,100000,40,2,1,1,1
323,72293611,43.018277,-76.0892051,100000,40,2,1,1,1
323,1719904846,43.0180977,-76.0901297,100000,40,2,1,1,1
324,1719904846,43.0179644,-76.0903738,100000,40,2,1,1,1
324,72293611,43.0181506,-76.0894495,100000,40,2,1,1,1
324,1144637303,43.037554,-76.1304686,100000,8,2,1,3,1
325,236653035,43.0373121,-76.1320221,100000,8,2,1,3,1
325,72293611,43.018024,-76.089694,100000,40,2,1,1,1
325,1719904846,43.017831,-76.0906178,100000,40,2,1,1,1
325,1144637303,43.0374193,-76.1307117,100000,8,2,1,3,1
326,1719904846,43.0176982,-76.090862,100000,40,2,1,1,1
326,236653035,43.0372784,-76.1317814,100000,8,2,1,3,1
326,559674586,43.0374867,-76.1337572,100000,8,2,1,3,1
326,1144637303,43.0372849,-76.1309552,100000,8,2,1,3,1
326,1665305861,43.0376643,-76.1345915,100000,8,2,1,3,1
326,72293611,43.0178974,-76.0899384,100000,40,2,1,1,1
327,1719904846,43.0175654,-76.0911061,100000,40,2,1,1,1
327,72293611,43.0177707,-76.0901828,100000,40,2,1,1,1
327,1144637303,43.0371505,-76.1311988,100000,8,2,1,3,1
327,236653035,43.0372443,-76.1315405,100000,8,2,1,3,1
327,1665305861,43.0376291,-76.1343511,100000,8,2,1,3,1
327,559674586,43.0373449,-76.1336059,100000,8,2,1,3,1
328,1719904846,43.0174324,-76.0913502,100000,40,2,1,1,1
328,1665305861,43.0375933,-76.1341108,100000,8,2,1,3,1
328,72293611,43.0176446,-76.0904272,100000,40,2,1,1,1
328,236653035,43.0372099,-76.1312997,100000,8,2,1,3,1
328,1144637303,43.0370159,-76.1314425,100000,8,2,1,3,1
328,559674586,43.0372018,-76.1334568,100000,8,2,1,3,1
329,72293611,43.0175184,-76.0906718,100000,40,2,1,1,1
329,559674586,43.0370587,-76.1333078,100000,8,2,1,3,1
329,1665305861,43.0375572,-76.1338705,100000,8,2,1,3,1
329,1719904846,43.0172993,-76.0915942,100000,40,2,1,1,1
330,1719904846,43.017166,-76.0918383,100000,40,2,1,1,1
330,559674586,43.0369143,-76.133161,100000,8,2,1,3,1
330,72293611,43.0173922,-76.0909162,100000,40,2,1,1,1
330,1665305861,43.0375206,-76.1336303,100000,8,2,1,3,1
331,72293611,43.0172659,-76.0911607,100000,40,2,1,1,1
331,559674586,43.0367687,-76.1330165,100000,8,2,1,3,1
331,1719904846,43.0170335,-76.0920824,100000,40,2,1,1,1
331,1665305861,43.0374851,-76.1333899,100000,8,2,1,3,1
332,1719904846,43.0169007,-76.0923266,100000,40,2,1,1,1
332,72293611,43.0171395,-76.0914051,100000,40,2,1,1,1
333,72293611,43.0170137,-76.0916497,100000,40,2,1,1,1
333,1719904846,43.0167679,-76.0925706,100000,40,2,1,1,1
334,229878336,43.0377916,-76.1336461,100000,8,2,1,1,1
334,1719904846,43.016635,-76.0928147,100000,40,2,1,1,1
334,238310513,43.0374689,-76.1326174,100000,8,2,1,1,1
334,72293611,43.0168879,-76.0918941,100000,40,2,1,1,1
334,1191441341,43.0373939,-76.1335227,100000,8,2,1,1,1
335,1719904846,43.0165018,-76.0930588,100000,40,2,1,1,1
335,1191441341,43.0372581,-76.1337662,100000,8,2,1,1,1
335,229878336,43.0377586,-76.1334052,100000,8,2,1,1,1
335,72293611,43.016762,-76.0921385,100000,40,2,1,1,1
335,1374524076,43.0378075,-76.1322571,100000,8,2,1,3,1
335,238310513,43.0373299,-76.1324612,100000,8,2,1,1,1
335,1665305861,43.0371284,-76.1326507,100000,8,2,1,3,1
336,72293611,43.016636,-76.092383,100000,40,2,1,1,1
336,1374524076,43.0376578,-76.1323931,100000,8,2,1,3,1
336,1665305861,43.0370912,-76.1324106,100000,8,2,1,3,1
336,238310513,43.0371896,-76.1323071,100000,8,2,1,1,1
336,229878336,43.0377252,-76.1331643,100000,8,2,1,1,1
336,1719904846,43.0163694,-76.093303,100000,40,2,1,1,1
337,1665305861,43.0370533,-76.1321707,100000,8,2,1,3,1
337,1719904846,43.0162368,-76.0935471,100000,40,2,1,1,1
337,1374524076,43.0375066,-76.1325263,100000,8,2,1,3,1
337,238310513,43.0370479,-76.1321554,100000,8,2,1,1,1
337,229878336,43.0376916,-76.1329236,100000,8,2,1,1,1
337,72293611,43.0165099,-76.0926274,100000,40,2,1,1,1
338,1719904846,43.0161041,-76.0937913,100000,40,2,1,1,1
338,72293611,43.0163838,-76.0928718,100000,40,2,1,1,1
339,1719904846,43.0159712,-76.0940355,100000,40,2,1,1,1
339,72293611,43.0162583,-76.0931162,100000,40,2,1,1,1
340,1719904846,43.0158382,-76.0942796,100000,40,2,1,1,1
340,72293611,43.0161327,-76.0933606,100000,40,2,1,1,1
341,72293611,43.016007,-76.0936052,100000,40,2,1,1,1
341,1719904846,43.015705,-76.0945236,100000,40,2,1,1,1
342,1719904846,43.0155727,-76.0947679,100000,40,2,1,1,1
342,72293611,43.0158813,-76.0938496,100000,40,2,1,1,1
343,1719904846,43.0154401,-76.095012,100000,40,2,1,1,1
343,72293611,43.0157555,-76.094094,100000,40,2,1,1,1
344,72293611,43.0156304,-76.0943386,100000,40,2,1,1,1
344,1719904846,43.0153075,-76.0952561,100000,40,2,1,1,1
345,1719904846,43.0151747,-76.0955003,100000,40,2,1,1,1
345,72293611,43.0155051,-76.0945831,100000,40,2,1,1,1
346,1719904846,43.0150417,-76.0957444,100000,40,2,1,1,1
346,72293611,43.0153799,-76.0948275,100000,40,2,1,1,1
346,1903240126,43.0491319,-76.2407769,100000,24,2,1,2,1
347,1903240126,43.0492503,-76.2405318,100000,24,2,1,2,1
347,1127333879,43.0492014,-76.2395934,100000,24,2,1,2,1
349,558075599,43.0446768,-76.2123259,100000,24,2,1,3,1
350,558075599,43.0445444,-76.2120818,100000,24,2,1,3,1
350,339425496,43.0443905,-76.2121932,100000,24,2,1,3,1
351,339425496,43.0442667,-76.2119482,100000,24,2,1,3,1
351,558075599,43.044412,-76.2118378,100000,24,2,1,3,1
352,339425496,43.0441432,-76.2117031,100000,24,2,1,3,1
352,1073907331,43.0298641,-76.1322323,100000,8,2,1,3,1
352,558075599,43.0442795,-76.2115937,100000,24,2,1,3,1
352,87113394,43.0302833,-76.1324029,100000,8,2,1,3,1
353,1644499159,43.0370196,-76.1462136,100000,43,2,1,3,1
353,339425496,43.0440196,-76.2114581,100000,24,2,1,3,1
353,152659054,43.0370252,-76.1463694,100000,43,2,1,3,1
353,558075599,43.0441472,-76.2113497,100000,24,2,1,3,1
354,339425496,43.0438961,-76.211213,100000,24,2,1,3,1
354,558075599,43.044015,-76.2111056,100000,24,2,1,3,1
354,1644499159,43.0369126,-76.1460161,100000,43,2,1,3,1
354,152659054,43.0369453,-76.1461496,100000,43,2,1,3,1
355,1644499159,43.0368035,-76.1458209,100000,43,2,1,3,1
355,659134548,43.0369769,-76.1325245,100000,8,2,1,3,1
355,558075599,43.0438826,-76.2108615,100000,24,2,1,3,1
355,152659054,43.0368642,-76.1459305,100000,43,2,1,3,1
355,2105004341,43.0363492,-76.1327201,100000,8,2,1,3,1
355,339425496,43.0437725,-76.210968,100000,24,2,1,3,1
356,659134548,43.0368173,-76.1326379,100000,8,2,1,3,1
356,339425496,43.0436489,-76.210723,100000,24,2,1,3,1
356,558075599,43.0437502,-76.2106174,100000,24,2,1,3,1
356,2105004341,43.0362412,-76.1325238,100000,8,2,1,3,1
356,1644499159,43.0366948,-76.1456253,100000,43,2,1,3,1
356,152659054,43.0367824,-76.145712,100000,43,2,1,3,1
357,558075599,43.0436178,-76.2103733,100000,24,2,1,3,1
357,152659054,43.0367012,-76.145493,100000,43,2,1,3,1
357,1644499159,43.0365849,-76.1454309,100000,43,2,1,3,1
357,339425496,43.0435253,-76.210478,100000,24,2,1,3,1
358,1644499159,43.0364739,-76.1452377,100000,43,2,1,3,1
358,339425496,43.0434019,-76.2102329,100000,24,2,1,3,1
358,558075599,43.0434856,-76.2101292,100000,24,2,1,3,1
358,152659054,43.0366187,-76.1452749,100000,43,2,1,3,1
359,339425496,43.0432785,-76.2099879,100000,24,2,1,3,1
359,558075599,43.0433534,-76.2098851,100000,24,2,1,3,1
360,558075599,43.0432211,-76.2096411,100000,24,2,1,3,1
360,339425496,43.0431551,-76.2097429,100000,24,2,1,3,1
361,558075599,43.0430888,-76.2093969,100000,24,2,1,3,1
361,339425496,43.0430316,-76.2094978,100000,24,2,1,3,1
362,339425496,43.0429082,-76.2092528,100000,24,2,1,3,1
362,558075599,43.0429564,-76.2091529,100000,24,2,1,3,1
363,558075599,43.0428243,-76.2089087,100000,24,2,1,3,1
363,339425496,43.042785,-76.2090078,100000,24,2,1,3,1
364,558075599,43.0426922,-76.2086646,100000,24,2,1,3,1
364,339425496,43.0426618,-76.2087628,100000,24,2,1,3,1
365,558075599,43.0425599,-76.2084205,100000,24,2,1,3,1
365,339425496,43.0425385,-76.2085178,100000,24,2,1,3,1
366,558075599,43.0424277,-76.2081763,100000,24,2,1,3,1
366,339425496,43.0424153,-76.2082728,100000,24,2,1,3,1
367,339425496,43.042292,-76.2080277,100000,24,2,1,3,1
367,558075599,43.0422953,-76.2079323,100000,24,2,1,3,1
367,857349453,43.0323467,-76.1480545,999,-1,2,1,2,1
367,1767294411,43.032134,-76.1469216,100000,43,2,1,2,1
368,1767294411,43.0319984,-76.1471648,100000,43,2,1,2,1
368,857349453,43.0322642,-76.1478366,999,-1,2,1,2,1
368,339425496,43.0421686,-76.2077827,100000,24,2,1,3,1
368,558075599,43.042163,-76.2076882,100000,24,2,1,3,1
369,558075599,43.0420309,-76.2074441,100000,24,2,1,3,1
369,1307063039,43.0380649,-76.1347693,100000,8,2,1,3,1
369,1453970643,43.0374584,-76.1348913,100000,8,2,1,3,1
369,1166671513,43.0378318,-76.135006,100000,8,2,1,3,1
369,339425496,43.0420456,-76.2075376,100000,24,2,1,3,1
369,1767294411,43.0318632,-76.1474083,100000,43,2,1,2,1
369,857349453,43.0321809,-76.1476191,999,-1,2,1,2,1
370,558075599,43.0418987,-76.2072,100000,24,2,1,3,1
370,857349453,43.0320962,-76.1474026,999,-1,2,1,2,1
370,339425496,43.0419225,-76.2072926,100000,24,2,1,3,1
370,1767294411,43.0317279,-76.1476519,999,-1,2,1,2,1
371,339425496,43.0417994,-76.2070475,100000,24,2,1,3,1
371,558075599,43.0417665,-76.2069559,100000,24,2,1,3,1
378,1775831234,43.0373299,-76.1307816,100000,8,2,1,2,1
378,327991170,43.0371264,-76.1302998,100000,8,2,1,2,1
379,1937102542,43.0352412,-76.0427692,999,-1,2,1,3,1
380,1937102542,43.0351168,-76.0430142,999,-1,2,1,3,1
380,565884053,43.031382,-76.1490111,999,-1,2,1,2,1
380,1461254043,43.0410467,-76.1270839,100000,43,2,1,2,1
380,1767294411,43.0309293,-76.149666,999,-1,2,1,2,1
380,495045487,43.0348665,-76.0428801,999,-1,2,1,3,1
380,1016645842,43.0429896,-76.1261257,100000,43,2,1,2,1
381,1937102542,43.0349924,-76.0432591,999,-1,2,1,3,1
381,1461254043,43.0410954,-76.1268479,100000,43,2,1,2,1
381,495045487,43.0349963,-76.0431245,999,-1,2,1,3,1
381,1016645842,43.0429356,-76.1258914,100000,43,2,1,2,1
382,1461254043,43.0411444,-76.126612,100000,43,2,1,2,1
382,1016645842,43.0428825,-76.1256568,100000,43,2,1,2,1
383,1461254043,43.0411942,-76.1263764,100000,43,2,1,2,1
383,1016645842,43.0428285,-76.1254225,100000,43,2,1,2,1
384,1016645842,43.042774,-76.1251883,100000,43,2,1,2,1
384,1461254043,43.0412443,-76.1261411,100000,43,2,1,2,1
385,1461254043,43.0412951,-76.1259059,100000,43,2,1,2,1
385,1016645842,43.0427186,-76.1249546,100000,43,2,1,2,1
386,1016645842,43.0426627,-76.1247211,100000,43,2,1,2,1
386,1461254043,43.0413462,-76.125671,100000,43,2,1,2,1
386,1376181818,43.0372733,-76.1332872,100000,8,2,1,2,1
386,215842251,43.0373061,-76.1340847,100000,8,2,1,2,1
387,215842251,43.0372727,-76.1338437,100000,8,2,1,2,1
387,1376181818,43.0371517,-76.1331061,100000,8,2,1,2,1
387,1461254043,43.0413982,-76.1254362,100000,43,2,1,2,1
387,1016645842,43.0426058,-76.124488,100000,43,2,1,2,1
388,1461254043,43.0414505,-76.1252016,100000,43,2,1,2,1
388,215842251,43.0372391,-76.1336028,100000,8,2,1,2,1
388,1376181818,43.0370289,-76.1329265,100000,8,2,1,2,1
388,1016645842,43.0425485,-76.1242553,100000,43,2,1,2,1
389,1376181818,43.036905,-76.1327483,100000,8,2,1,2,1
389,215842251,43.037205,-76.133362,100000,8,2,1,2,1
389,1461254043,43.0415036,-76.1249674,100000,43,2,1,2,1
389,1016645842,43.04249,-76.1240229,100000,43,2,1,2,1
390,1016645842,43.0424311,-76.1237908,100000,43,2,1,2,1
390,1376181818,43.03678,-76.1325715,100000,8,2,1,2,1
390,1461254043,43.041557,-76.1247334,100000,43,2,1,2,1
390,215842251,43.0371707,-76.1331212,100000,8,2,1,2,1
391,1376181818,43.036655,-76.1323948,100000,8,2,1,2,1
391,1016645842,43.0423716,-76.123559,100000,43,2,1,2,1
391,940037827,43.0375459,-76.1332685,100000,8,2,1,2,1
391,215842251,43.0371359,-76.1328805,100000,8,2,1,2,1
391,1461254043,43.0416113,-76.1244997,100000,43,2,1,2,1
392,1376181818,43.0365289,-76.1322196,100000,8,2,1,2,1
392,940037827,43.0375061,-76.1330292,100000,8,2,1,2,1
392,1461254043,43.0416647,-76.1242656,100000,43,2,1,2,1
392,215842251,43.0371009,-76.1326399,100000,8,2,1,2,1
392,1016645842,43.042311,-76.1233277,100000,43,2,1,2,1
393,940037827,43.0374674,-76.1327896,100000,8,2,1,2,1
393,1009924839,43.0788041,-76.1727445,100000,15,2,1,1,1
393,1154833058,43.0793193,-76.1730698,100000,15,2,1,1,1
393,1016645842,43.0422498,-76.1230967,100000,43,2,1,2,1
393,1376181818,43.0364016,-76.132046,100000,8,2,1,2,1
393,1461254043,43.0417186,-76.1240317,100000,43,2,1,2,1
393,215842251,43.0370653,-76.1323994,100000,8,2,1,2,1
394,1154833058,43.0792365,-76.1728517,100000,15,2,1,1,1
394,940037827,43.037428,-76.1325501,100000,8,2,1,2,1
394,215842251,43.0370295,-76.1321589,100000,8,2,1,2,1
394,1009924839,43.0787629,-76.1725054,100000,15,2,1,1,1
394,1461254043,43.0417733,-76.1237981,100000,43,2,1,2,1
394,1016645842,43.042189,-76.1228654,100000,43,2,1,2,1
395,940037827,43.0373884,-76.1323108,100000,8,2,1,2,1
395,215842251,43.0369934,-76.1319184,100000,8,2,1,2,1
395,1461254043,43.0418284,-76.1235647,100000,43,2,1,2,1
395,1016645842,43.0421276,-76.1226346,100000,43,2,1,2,1
396,940037827,43.0373481,-76.1320717,100000,8,2,1,2,1
396,1461254043,43.0418845,-76.1233317,100000,43,2,1,2,1
396,1453638302,43.0380711,-76.1313872,100000,8,2,1,2,1
396,215842251,43.0369568,-76.1316781,100000,8,2,1,2,1
396,1016645842,43.042065,-76.1224043,100000,43,2,1,2,1
397,215842251,43.0369199,-76.1314378,100000,8,2,1,2,1
397,1453638302,43.0379113,-76.1315001,100000,8,2,1,2,1
397,1461254043,43.0419409,-76.1230989,100000,43,2,1,2,1
397,1016645842,43.0420018,-76.1221743,100000,43,2,1,2,1
397,940037827,43.0373075,-76.1318328,100000,8,2,1,2,1
398,940037827,43.0372662,-76.131594,100000,8,2,1,2,1
398,1453638302,43.0377515,-76.131613,100000,8,2,1,2,1
398,1461254043,43.0419983,-76.1228665,100000,43,2,1,2,1
398,1016645842,43.041938,-76.1219447,100000,43,2,1,2,1
398,215842251,43.0368825,-76.1311977,100000,8,2,1,2,1
399,940037827,43.0372247,-76.1313553,100000,8,2,1,2,1
399,1453638302,43.0375905,-76.1317228,100000,8,2,1,2,1
399,215842251,43.0368448,-76.1309577,100000,8,2,1,2,1
400,215842251,43.0368078,-76.1307174,100000,8,2,1,2,1
400,1865911817,43.037432,-76.1328602,100000,8,2,1,2,1
400,940037827,43.0371828,-76.1311168,100000,8,2,1,2,1
403,779328591,43.0315954,-76.1466015,100000,43,2,1,1,1
403,1039060374,43.0311225,-76.1467766,100000,43,2,1,1,1
403,1682458149,43.0311297,-76.1469465,100000,43,2,1,1,1
404,1039060374,43.0309828,-76.1470194,100000,43,2,1,1,1
404,779328591,43.0315061,-76.1463883,100000,43,2,1,1,1
411,1575730078,43.0373206,-76.134182,100000,8,2,1,2,1
412,675633553,43.036992,-76.1344252,100000,8,2,1,2,1
412,1575730078,43.0372881,-76.1339405,100000,8,2,1,2,1
413,1381201621,43.0310043,-76.1455149,100000,43,2,1,2,1
414,372063393,43.0312215,-76.1459656,100000,43,2,1,2,1
414,1381201621,43.0308666,-76.1457579,100000,43,2,1,2,1
415,372063393,43.0311375,-76.1457486,100000,43,2,1,2,1
415,1381201621,43.0307287,-76.1460011,100000,43,2,1,2,1
417,287390618,43.0381083,-76.1323585,100000,8,2,1,3,1
417,1932559370,43.0384082,-76.1325469,100000,8,2,1,3,1
420,1191441341,43.0305509,-76.1502561,999,-1,2,1,1,1
421,1191441341,43.0304132,-76.1504988,999,-1,2,1,1,1
421,1333455981,43.0304341,-76.1516063,999,-1,2,1,1,1
422,1191441341,43.0302753,-76.1507416,999,-1,2,1,1,1
422,1333455981,43.0303439,-76.151395,999,-1,2,1,1,1
422,1039060374,43.0293773,-76.1504411,999,-1,2,1,1,1
422,1682458149,43.0293971,-76.1505204,999,-1,2,1,1,1
423,1039060374,43.0292372,-76.1506836,999,-1,2,1,1,1
423,1333455981,43.0302529,-76.1511839,999,-1,2,1,1,1
423,1682458149,43.0292551,-76.1507626,999,-1,2,1,1,1
423,1191441341,43.0301373,-76.1509846,999,-1,2,1,1,1
424,1191441341,43.0299991,-76.1512277,999,-1,2,1,1,1
424,1333455981,43.0301603,-76.1509734,999,-1,2,1,1,1
424,1453638302,43.033564,-76.1324217,100000,8,2,1,2,1
424,1865911817,43.0335437,-76.1324124,100000,8,2,1,2,1
426,1153432943,43.0475103,-76.1343281,100000,8,2,1,3,1
427,1798855081,43.0453102,-76.2204785,100000,10,2,1,2,1
428,239729306,43.0451248,-76.2208437,100000,10,2,1,2,1
428,1798855081,43.0451757,-76.2202347,100000,10,2,1,2,1
429,1798855081,43.0450413,-76.2199908,100000,10,2,1,2,1
429,239729306,43.0450013,-76.2205988,100000,10,2,1,2,1
430,239729306,43.044878,-76.2203538,100000,10,2,1,2,1
430,1798855081,43.0449068,-76.219747,100000,10,2,1,2,1
431,239729306,43.0447547,-76.2201089,100000,10,2,1,2,1
431,1798855081,43.0447725,-76.2195031,100000,10,2,1,2,1
432,239729306,43.0446314,-76.2198639,100000,10,2,1,2,1
432,1798855081,43.0446382,-76.2192593,100000,10,2,1,2,1
433,1798855081,43.0445039,-76.2190154,100000,10,2,1,2,1
433,239729306,43.044508,-76.219619,100000,10,2,1,2,1
434,1798855081,43.0443694,-76.2187715,100000,10,2,1,2,1
434,239729306,43.0443847,-76.2193741,100000,10,2,1,2,1
435,1798855081,43.044235,-76.2185276,100000,10,2,1,2,1
435,239729306,43.0442613,-76.2191292,100000,10,2,1,2,1
436,239729306,43.0441382,-76.2188843,100000,10,2,1,2,1
436,1798855081,43.0441007,-76.2182838,100000,10,2,1,2,1
437,1798855081,43.0439665,-76.2180399,100000,10,2,1,2,1
437,783905453,43.0371918,-76.1305633,100000,8,2,1,2,1
437,239729306,43.044015,-76.2186394,100000,10,2,1,2,1
438,1798855081,43.0438322,-76.2177959,100000,10,2,1,2,1
438,239729306,43.0438918,-76.2183945,100000,10,2,1,2,1
439,239729306,43.0437686,-76.2181495,100000,10,2,1,2,1
439,1798855081,43.0436978,-76.2175521,100000,10,2,1,2,1
440,1798855081,43.0435633,-76.2173082,100000,10,2,1,2,1
440,239729306,43.0436454,-76.2179046,100000,10,2,1,2,1
441,1798855081,43.0434292,-76.2170643,100000,10,2,1,2,1
441,239729306,43.0435225,-76.2176596,100000,10,2,1,2,1
442,1798855081,43.0432949,-76.2168204,100000,10,2,1,2,1
442,239729306,43.0433995,-76.2174147,100000,10,2,1,2,1
442,180446943,43.0381254,-76.1325867,100000,8,2,1,3,1
443,180446943,43.0379467,-76.132403,100000,8,2,1,3,1
443,239729306,43.0432764,-76.2171697,100000,10,2,1,2,1
443,1798855081,43.0431607,-76.2165765,100000,10,2,1,2,1
443,1215056306,43.0374388,-76.1337072,100000,8,2,1,3,1
444,180446943,43.0377675,-76.132224,100000,8,2,1,3,1
444,1215056306,43.0375779,-76.1334648,100000,8,2,1,3,1
444,239729306,43.0431534,-76.2169248,100000,10,2,1,2,1
444,1798855081,43.0430263,-76.2163327,100000,10,2,1,2,1
445,239729306,43.0430303,-76.2166798,100000,10,2,1,2,1
445,180446943,43.037588,-76.1320498,100000,8,2,1,3,1
445,1215056306,43.0377163,-76.1332222,100000,8,2,1,3,1
445,1798855081,43.0428919,-76.2160888,100000,10,2,1,2,1
446,1798855081,43.0427578,-76.2158449,100000,10,2,1,2,1
446,1215056306,43.037855,-76.1329794,100000,8,2,1,3,1
446,239729306,43.0429073,-76.2164349,100000,10,2,1,2,1
446,1054129978,43.047765,-76.2431882,999,-1,2,1,3,1
446,637085942,43.0370198,-76.1326757,100000,8,2,1,3,1
447,1798855081,43.0426235,-76.2156009,100000,10,2,1,2,1
447,883614247,43.0479456,-76.2432305,999,-1,2,1,3,1
447,239729306,43.0427844,-76.21619,100000,10,2,1,2,1
447,1054129978,43.047642,-76.2429431,999,-1,2,1,3,1
448,1054129978,43.0475191,-76.2426979,999,-1,2,1,3,1
448,621110766,43.0343202,-76.1549962,999,-1,2,1,1,1
448,883614247,43.0478145,-76.2429863,999,-1,2,1,3,1
448,1537108190,43.0341945,-76.1546919,999,-1,2,1,1,1
448,239729306,43.0426616,-76.215945,100000,10,2,1,2,1
448,1798855081,43.0424893,-76.2153571,100000,10,2,1,2,1
449,1054129978,43.0473962,-76.2424527,999,-1,2,1,3,1
449,239729306,43.0425387,-76.2157,100000,10,2,1,2,1
449,1537108190,43.0340689,-76.154447,999,-1,2,1,1,1
449,883614247,43.0476834,-76.2427421,999,-1,2,1,3,1
449,621110766,43.034193,-76.1547517,999,-1,2,1,1,1
449,1798855081,43.042355,-76.2151132,100000,24,2,1,2,1
450,883614247,43.0475524,-76.2424979,999,-1,2,1,3,1
450,239729306,43.0424158,-76.2154551,100000,10,2,1,2,1
450,621110766,43.0340657,-76.154507,999,-1,2,1,1,1
450,1054129978,43.0472733,-76.2422076,999,-1,2,1,3,1
450,1798855081,43.0422206,-76.2148694,100000,24,2,1,2,1
450,1537108190,43.033944,-76.1542021,999,-1,2,1,1,1
451,621110766,43.0339389,-76.1542624,999,-1,2,1,1,1
451,239729306,43.0422929,-76.2152101,100000,10,2,1,2,1
451,1054129978,43.0471503,-76.2419624,100000,24,2,1,3,1
451,1537108190,43.0338189,-76.1539572,999,-1,2,1,1,1
451,1798855081,43.0420865,-76.2146255,100000,24,2,1,2,1
451,883614247,43.0474214,-76.2422537,999,-1,2,1,3,1
452,883614247,43.0472904,-76.2420095,999,-1,2,1,3,1
452,621110766,43.0338121,-76.1540177,999,-1,2,1,1,1
452,1054129978,43.0470274,-76.2417173,100000,24,2,1,3,1
452,1537108190,43.0336938,-76.1537123,999,-1,2,1,1,1
453,621110766,43.0336852,-76.153773,999,-1,2,1,1,1
453,1054129978,43.0469046,-76.2414721,100000,24,2,1,3,1
453,883614247,43.0471594,-76.2417653,999,-1,2,1,3,1
453,1537108190,43.0335686,-76.1534674,999,-1,2,1,1,1
454,883614247,43.0470283,-76.2415211,999,-1,2,1,3,1
454,27526048,43.0329631,-76.1467794,100000,43,2,1,1,1
454,1054129978,43.0467819,-76.2412269,100000,24,2,1,3,1
454,621110766,43.0335582,-76.1535284,999,-1,2,1,1,1
454,1202761724,43.0329717,-76.1481257,999,-1,2,1,1,1
454,1537108190,43.0334434,-76.1532225,999,-1,2,1,1,1
455,1054129978,43.0466591,-76.2409818,100000,24,2,1,3,1
455,621110766,43.0334311,-76.1532837,999,-1,2,1,1,1
455,1202761724,43.0328779,-76.1479172,999,-1,2,1,1,1
455,42710601,43.0325574,-76.1472212,100000,43,2,1,1,1
455,1537108190,43.0333188,-76.1529775,999,-1,2,1,1,1
455,883614247,43.0468974,-76.2412769,999,-1,2,1,3,1
455,27526048,43.032828,-76.1470227,100000,43,2,1,1,1
455,696950778,43.0369316,-76.1339886,100000,8,2,1,1,1
456,27526048,43.0326927,-76.1472661,100000,43,2,1,1,1
456,621110766,43.0333047,-76.153039,999,-1,2,1,1,1
456,883614247,43.0467665,-76.2410327,100000,24,2,1,3,1
456,1202761724,43.0327821,-76.1477097,999,-1,2,1,1,1
456,42710601,43.0324224,-76.1474648,100000,43,2,1,1,1
456,1537108190,43.0331941,-76.1527326,999,-1,2,1,1,1
456,1054129978,43.0465363,-76.2407366,100000,24,2,1,3,1
457,27526048,43.032558,-76.1475097,100000,43,2,1,1,1
457,621110766,43.0331782,-76.1527943,999,-1,2,1,1,1
457,883614247,43.0466355,-76.2407885,100000,24,2,1,3,1
457,1202761724,43.0326869,-76.1475015,999,-1,2,1,1,1
457,42710601,43.0322873,-76.1477083,100000,43,2,1,1,1
457,1054129978,43.0464135,-76.2404915,100000,24,2,1,3,1
457,1537108190,43.0330693,-76.1524877,999,-1,2,1,1,1
458,27526048,43.0324232,-76.1477534,999,-1,2,1,1,1
458,1537108190,43.0329445,-76.1522427,999,-1,2,1,1,1
458,1054129978,43.0462906,-76.2402463,100000,24,2,1,3,1
458,1029665733,43.0408896,-76.1281399,100000,8,2,1,2,1
458,883614247,43.0465046,-76.2405443,100000,24,2,1,3,1
458,621110766,43.0330515,-76.1525497,999,-1,2,1,1,1
458,429728615,43.0414288,-76.1281668,100000,8,2,1,2,1
458,1202761724,43.0325907,-76.147294,999,-1,2,1,1,1
459,429728615,43.0413822,-76.1279298,100000,8,2,1,2,1
459,883614247,43.0463736,-76.2403,100000,24,2,1,3,1
459,1029665733,43.0410306,-76.1278973,100000,8,2,1,2,1
459,1054129978,43.046168,-76.2400012,100000,24,2,1,3,1
459,1537108190,43.0328196,-76.1519978,999,-1,2,1,1,1
459,621110766,43.0329248,-76.152305,999,-1,2,1,1,1
459,999591411,43.0414265,-76.128624,100000,8,2,1,2,1
460,1537108190,43.0326947,-76.1517528,999,-1,2,1,1,1
460,883614247,43.0462425,-76.2400558,100000,24,2,1,3,1
460,429728615,43.0413347,-76.127693,100000,8,2,1,2,1
460,1054129978,43.0460454,-76.239756,100000,24,2,1,3,1
460,1990653930,43.0398627,-76.1298345,100000,8,2,1,2,1
460,999591411,43.0413796,-76.128387,100000,8,2,1,2,1
460,621110766,43.0327981,-76.1520604,999,-1,2,1,1,1
460,1029665733,43.0411708,-76.1276545,100000,8,2,1,2,1
461,1029665733,43.0413112,-76.1274117,100000,8,2,1,2,1
461,883614247,43.0461117,-76.2398116,100000,24,2,1,3,1
461,999591411,43.0413319,-76.1281501,100000,8,2,1,2,1
461,1054129978,43.0459227,-76.2395109,100000,24,2,1,3,1
461,1537108190,43.0325703,-76.1515128,999,-1,2,1,1,1
461,1990653930,43.0399986,-76.1295915,100000,8,2,1,2,1
461,27526048,43.0321416,-76.1483869,999,-1,2,1,1,1
461,621110766,43.0326712,-76.1518158,999,-1,2,1,1,1
461,429728615,43.0412867,-76.1274565,100000,8,2,1,2,1
462,1054129978,43.0458,-76.2392657,100000,24,2,1,3,1
462,621110766,43.032545,-76.1515752,999,-1,2,1,1,1
462,999591411,43.0412839,-76.1279131,100000,8,2,1,2,1
462,1537108190,43.0324459,-76.1512714,999,-1,2,1,1,1
462,27526048,43.0320064,-76.1486246,999,-1,2,1,1,1
462,1990653930,43.0401345,-76.1293488,100000,8,2,1,2,1
462,883614247,43.0459808,-76.2395674,100000,24,2,1,3,1
463,27526048,43.0318715,-76.1488641,999,-1,2,1,1,1
463,1990653930,43.0402707,-76.1291058,100000,8,2,1,2,1
463,883614247,43.0458499,-76.2393231,100000,24,2,1,3,1
463,621110766,43.0324188,-76.1513325,999,-1,2,1,1,1
463,999591411,43.0412351,-76.1276765,100000,8,2,1,2,1
463,1537108190,43.0323216,-76.1510293,999,-1,2,1,1,1
463,1054129978,43.0456773,-76.2390205,100000,24,2,1,3,1
464,1537108190,43.0321972,-76.1507868,999,-1,2,1,1,1
464,621110766,43.0322925,-76.1510907,999,-1,2,1,1,1
464,883614247,43.0457189,-76.2390789,100000,24,2,1,3,1
464,1054129978,43.0455548,-76.2387754,100000,24,2,1,3,1
464,42710601,43.0317036,-76.1491257,999,-1,2,1,1,1
464,27526048,43.0317366,-76.1491057,999,-1,2,1,1,1
465,1054129978,43.0454323,-76.2385302,100000,24,2,1,3,1
465,1537108190,43.0320726,-76.1505429,999,-1,2,1,1,1
465,42710601,43.0315682,-76.1493679,999,-1,2,1,1,1
465,621110766,43.0321662,-76.1508476,999,-1,2,1,1,1
465,883614247,43.045588,-76.2388347,100000,24,2,1,3,1
465,27526048,43.0316015,-76.1493483,999,-1,2,1,1,1
466,1537108190,43.0319487,-76.1502987,999,-1,2,1,1,1
466,27526048,43.0314664,-76.1495912,999,-1,2,1,1,1
466,1054129978,43.0453098,-76.238285,100000,24,2,1,3,1
466,883614247,43.0454572,-76.2385905,100000,24,2,1,3,1
466,42710601,43.0314328,-76.1496108,999,-1,2,1,1,1
466,621110766,43.0320397,-76.1506036,999,-1,2,1,1,1
467,883614247,43.0453264,-76.2383463,100000,24,2,1,3,1
467,1054129978,43.0451873,-76.2380398,100000,24,2,1,3,1
467,42710601,43.0312972,-76.1498539,999,-1,2,1,1,1
467,27526048,43.0313312,-76.1498344,999,-1,2,1,1,1
467,621110766,43.0319139,-76.1503592,999,-1,2,1,1,1
467,1537108190,43.0318247,-76.1500539,999,-1,2,1,1,1
468,42710601,43.0311622,-76.1500975,999,-1,2,1,1,1
468,1268853224,43.0374586,-76.1334227,100000,8,2,1,2,1
468,1858325468,43.0371868,-76.1330432,100000,8,2,1,2,1
468,621110766,43.031788,-76.1501146,999,-1,2,1,1,1
468,1054129978,43.0450647,-76.2377946,100000,24,2,1,3,1
468,27526048,43.0311966,-76.150078,999,-1,2,1,1,1
468,2011583547,43.0723214,-76.1735242,100000,15,2,1,3,1
468,1537108190,43.0317006,-76.1498089,999,-1,2,1,1,1
468,883614247,43.0451955,-76.2381021,100000,24,2,1,3,1
469,883614247,43.0450647,-76.2378578,100000,24,2,1,3,1
469,1633395826,43.0719418,-76.1735394,100000,15,2,1,3,1
469,621110766,43.0316619,-76.1498698,999,-1,2,1,1,1
469,2033688289,43.0375287,-76.1303863,100000,8,2,1,2,1
469,1537108190,43.0315765,-76.1495639,999,-1,2,1,1,1
469,1054129978,43.0449421,-76.2375495,100000,24,2,1,3,1
469,2011583547,43.072255,-76.173296,100000,15,2,1,3,1
469,1858325468,43.0371508,-76.1328044,100000,8,2,1,2,1
470,1054129978,43.0448197,-76.2373043,100000,24,2,1,3,1
470,621110766,43.0315358,-76.1496251,999,-1,2,1,1,1
470,1633395826,43.0719074,-76.1732984,100000,15,2,1,3,1
470,883614247,43.0449338,-76.2376136,100000,24,2,1,3,1
470,2011583547,43.0721883,-76.1730679,100000,15,2,1,3,1
470,1537108190,43.0314522,-76.1493189,999,-1,2,1,1,1
471,2011583547,43.0721213,-76.1728399,100000,15,2,1,3,1
471,883614247,43.044803,-76.2373693,100000,24,2,1,3,1
471,1633395826,43.0718729,-76.1730575,100000,15,2,1,3,1
471,621110766,43.0314096,-76.1493804,999,-1,2,1,1,1
471,1054129978,43.0446974,-76.2370591,100000,24,2,1,3,1
471,1537108190,43.0313279,-76.149074,999,-1,2,1,1,1
472,883614247,43.0446723,-76.2371251,100000,24,2,1,3,1
472,1633395826,43.0718382,-76.1728165,100000,15,2,1,3,1
472,1054129978,43.044575,-76.236814,100000,24,2,1,3,1
472,2011583547,43.0720545,-76.1726119,100000,15,2,1,3,1
473,883614247,43.0445415,-76.2368808,100000,24,2,1,3,1
473,1054129978,43.0444526,-76.2365688,100000,24,2,1,3,1
473,1633395826,43.0718034,-76.1725757,100000,15,2,1,3,1
473,2011583547,43.0719873,-76.1723841,100000,15,2,1,3,1
474,2011583547,43.0719199,-76.1721563,100000,15,2,1,3,1
474,1633395826,43.0717684,-76.1723348,100000,15,2,1,3,1
475,2011583547,43.0718523,-76.1719287,100000,15,2,1,3,1
475,1633395826,43.0717334,-76.172094,100000,15,2,1,3,1
476,2011583547,43.0717842,-76.1717014,100000,15,2,1,3,1
476,1633395826,43.0716982,-76.1718533,100000,15,2,1,3,1
477,1633395826,43.0716629,-76.1716125,100000,15,2,1,3,1
477,2011583547,43.0717159,-76.1714742,100000,15,2,1,3,1
478,2011583547,43.0716472,-76.1712472,100000,15,2,1,3,1
478,1633395826,43.0716274,-76.1713718,100000,15,2,1,3,1
479,2011583547,43.0715782,-76.1710203,100000,15,2,1,3,1
479,1633395826,43.0715918,-76.1711312,100000,15,2,1,3,1
480,2011583547,43.071509,-76.1707936,100000,15,2,1,3,1
480,1633395826,43.0715561,-76.1708906,100000,15,2,1,3,1
480,1250367502,43.0793978,-76.182406,999,-1,2,1,1,1
481,310690469,43.0792034,-76.1825208,999,-1,2,1,1,1
481,1250367502,43.0793456,-76.182171,999,-1,2,1,1,1
481,2011583547,43.0714394,-76.1705672,100000,15,2,1,3,1
481,1633395826,43.0715202,-76.17065,100000,15,2,1,3,1
482,1250367502,43.0792932,-76.1819359,999,-1,2,1,1,1
482,1633395826,43.0714842,-76.1704094,100000,15,2,1,3,1
482,2011583547,43.07137,-76.1703406,100000,15,2,1,3,1
482,310690469,43.0791685,-76.1822799,999,-1,2,1,1,1
483,1097319758,43.03773,-76.1305439,100000,8,2,1,1,1
483,1923410180,43.0379564,-76.1325059,100000,8,2,1,1,1
483,1250367502,43.0792406,-76.181701,999,-1,2,1,1,1
483,310690469,43.0791335,-76.1820391,999,-1,2,1,1,1
484,1923410180,43.0378114,-76.1322653,100000,8,2,1,1,1
484,310690469,43.0790985,-76.1817983,999,-1,2,1,1,1
484,1097319758,43.0375931,-76.130784,100000,8,2,1,1,1
484,1250367502,43.0791879,-76.1814662,999,-1,2,1,1,1
485,1097319758,43.037456,-76.1310251,100000,8,2,1,1,1
485,942360061,43.0370574,-76.1331356,100000,8,2,1,1,1
485,310690469,43.0790633,-76.1815575,999,-1,2,1,1,1
485,1923410180,43.037666,-76.1320241,100000,8,2,1,1,1
485,1250367502,43.0791349,-76.1812314,999,-1,2,1,1,1
486,310690469,43.0790279,-76.1813168,999,-1,2,1,1,1
486,942360061,43.0369153,-76.1328945,100000,8,2,1,1,1
486,1097319758,43.0373193,-76.1312673,100000,8,2,1,1,1
486,1250367502,43.0790817,-76.1809968,999,-1,2,1,1,1
486,1923410180,43.0375204,-76.1317828,100000,8,2,1,1,1
487,942360061,43.0367729,-76.1326529,100000,8,2,1,1,1
487,1923410180,43.0373756,-76.1315413,100000,8,2,1,1,1
487,1250367502,43.0790283,-76.1807622,999,-1,2,1,1,1
487,1097319758,43.0371826,-76.1315102,100000,8,2,1,1,1
487,310690469,43.0789925,-76.1810761,999,-1,2,1,1,1
488,1250367502,43.0789748,-76.1805277,999,-1,2,1,1,1
488,942360061,43.0366314,-76.1324108,100000,8,2,1,1,1
488,1702522353,43.0377549,-76.1316538,100000,8,2,1,1,1
488,1097319758,43.0370457,-76.1317532,100000,8,2,1,1,1
488,1923410180,43.0372305,-76.1312997,100000,8,2,1,1,1
488,310690469,43.0789569,-76.1808354,999,-1,2,1,1,1
489,1250367502,43.0789209,-76.1802933,999,-1,2,1,1,1
489,310690469,43.0789212,-76.1805948,999,-1,2,1,1,1
489,942360061,43.0364896,-76.1321686,100000,8,2,1,1,1
489,1097319758,43.0369087,-76.1319964,100000,8,2,1,1,1
490,942360061,43.0363476,-76.1319264,100000,8,2,1,1,1
490,310690469,43.0788859,-76.1803541,999,-1,2,1,1,1
490,1250367502,43.0788674,-76.1800588,999,-1,2,1,1,1
490,1097319758,43.0367717,-76.1322397,100000,8,2,1,1,1
491,1250367502,43.0788137,-76.1798243,999,-1,2,1,1,1
491,310690469,43.0788503,-76.1801134,999,-1,2,1,1,1
492,310690469,43.0788147,-76.1798728,999,-1,2,1,1,1
492,1250367502,43.0787598,-76.17959,999,-1,2,1,1,1
493,1250367502,43.0787057,-76.1793558,999,-1,2,1,1,1
493,310690469,43.0787789,-76.1796322,999,-1,2,1,1,1
494,310690469,43.078743,-76.1793916,999,-1,2,1,1,1
494,1250367502,43.0786513,-76.1791217,999,-1,2,1,1,1
495,1250367502,43.0785968,-76.1788876,999,-1,2,1,1,1
495,310690469,43.0787069,-76.179151,999,-1,2,1,1,1
496,310690469,43.0786708,-76.1789105,999,-1,2,1,1,1
496,1250367502,43.078542,-76.1786537,999,-1,2,1,1,1
497,310690469,43.0786345,-76.17867,100000,15,2,1,1,1
497,1250367502,43.078487,-76.1784198,999,-1,2,1,1,1
497,1154833058,43.0640278,-76.1635398,999,-1,2,1,1,1
497,1208268288,43.0644443,-76.1646584,100000,15,2,1,1,1
498,1208268288,43.0644097,-76.1644177,100000,15,2,1,1,1
498,1154833058,43.0639388,-76.163326,999,-1,2,1,1,1
498,1250367502,43.0784317,-76.178186,100000,15,2,1,1,1
498,310690469,43.0785981,-76.1784296,100000,15,2,1,1,1
499,1250367502,43.0783763,-76.1779523,100000,15,2,1,1,1
499,1208268288,43.0643751,-76.1641771,999,-1,2,1,1,1
499,1154833058,43.0638502,-76.1631121,999,-1,2,1,1,1
499,310690469,43.0785616,-76.1781892,100000,15,2,1,1,1
