Time_Step,UAV_ID,Latitude,Longitude,Old_X_speed,Old_Y_speed,X_speed,Y_speed,Conflict_UAV
11,463328317,43.0374006,-76.1320379,11.564945110298302,13.793188340473982,4.011290225233059,19.5957696045739,163923468
12,990728496,43.0369552,-76.1334792,-14.449715202381782,10.733393245849925,15.191600706733038,-19.806502178487023,510969084
12,510969084,43.0369309,-76.1346582,11.981134155264781,13.433258143635431,3.8369536484449163,19.608182221591164,990728496
14,2038105465,43.0378201,-76.1334162,1.8061416125635399,17.909155548918726,17.32242531362447,10.00140744186212,510969084
14,510969084,43.0367929,-76.1342476,11.90749014636859,13.49858060738739,3.788517355798298,19.623655611172104,2038105465
15,1985231795,43.0371124,-76.1349363,12.214382883273103,13.221529819986985,3.667166950909026,19.649303730714436,2043130906
15,2038105465,43.0376642,-76.1332935,1.7728353900348077,17.912483208082573,17.322884622411575,9.99740183143218,510969084
15,2043130906,43.0365944,-76.1343625,2.359664674924971,17.844662580780597,16.002380169044677,12.004760338089362,1985231795
15,510969084,43.0367588,-76.1340068,11.845954215097185,13.552614830128586,3.8125619376800683,19.618768500680037,2038105465
16,1985231795,43.0370794,-76.1346952,12.159658982952273,13.271876032359108,3.7152688871313435,19.643711489044346,2043130906
16,2038105465,43.0375083,-76.1331708,1.7392632545798308,17.915774148254616,17.380712165515206,9.898178409998193,510969084
16,2043130906,43.0364504,-76.1342152,2.311569935376899,17.850956401096877,16.162530773372225,11.7882034870782,1985231795
16,510969084,43.0367245,-76.133766,11.783540517717945,13.606916361442792,3.8679048716339555,19.611864216330424,2038105465
17,2038105465,43.0373518,-76.1330493,1.7058322690970176,17.91898814860112,17.508989205570217,9.6692402831237,510969084
17,510969084,43.0366896,-76.1335254,11.720345990159235,13.661386820925552,3.8962955584191663,19.606250770498782,2038105465
18,2038105465,43.0371942,-76.1329307,1.6731012838900532,17.922073878149412,17.636253204412487,9.43230576183371,510969084
18,510969084,43.0366546,-76.1332848,11.65626016788992,13.716107279343612,3.953925925452945,19.60098591485934,2038105465
19,510969084,43.036619,-76.1330443,11.591364361062753,13.770993872959362,3.983429022382231,19.572638712460353,2038105465,2078331706
19,2038105465,43.0370354,-76.1328149,1.6411100235764169,17.925031600823388,17.636473715213977,9.427545423744348,510969084
20,2038105465,43.0368767,-76.1326992,1.6088605230118818,17.927954925687814,17.762122326538837,9.19068891405547,510969084
20,510969084,43.0365831,-76.1328041,11.525641703604848,13.82604727751662,4.011290225233059,19.56940820356667,2038105465,2078331706
20,2078331706,43.0367937,-76.1319772,3.405269459497629,17.674957988866982,13.4057251593754,14.853041237711507,510969084
21,510969084,43.036547,-76.1325639,11.458969821542738,13.881354783628751,4.072829408436039,19.565973870033925,2038105465,2078331706
21,2078331706,43.036673,-76.1317949,3.3557447392346034,17.684427535125337,13.525425853696595,14.744041544751104,510969084
21,2038105465,43.0367168,-76.1325864,1.577358322155417,17.93075404782317,17.825560615221722,9.066985216167863,510969084
22,2078331706,43.0365512,-76.131614,3.306358112386413,17.693727590099737,13.64636500720022,14.636042112304416,510969084
22,510969084,43.0365103,-76.1323238,11.391447406977257,13.936819076606799,4.104296885945759,19.554809078521195,2078331706
23,2078331706,43.0364284,-76.1314344,3.25710631366668,17.702860177425364,13.768526200626674,14.517114201206132,510969084
23,510969084,43.0364734,-76.1320839,11.322987335153332,13.99249648232785,4.168679890666628,19.545791970296374,2078331706
24,2078331706,43.0363045,-76.1312563,3.2080348100337543,17.711818445817798,13.891890273991349,14.399017595036922,510969084
24,510969084,43.0364359,-76.131844,11.253677347179595,14.048300472497619,4.198604679621527,19.53861742688622,2078331706
25,510969084,43.0363981,-76.1316043,11.183373770193459,14.10433093472175,4.266476225124073,19.531377471667582,2078331706
25,2078331706,43.0361794,-76.1310796,3.159141423132918,17.72060454580051,13.889763645706546,14.397139577538931,510969084
26,2078331706,43.0360544,-76.1309029,3.1098543434154453,17.72932051610383,14.016724772650749,14.276656637085452,510969084
26,510969084,43.0363597,-76.1313646,11.11219081655142,14.16048075654744,4.300775309583622,19.52039772642112,2078331706
27,2078331706,43.0359282,-76.1307277,3.060755817472005,17.73786271865388,14.144515792775628,14.146895961820311,510969084
27,510969084,43.036321,-76.1311251,11.0400109598198,14.216826580044462,4.371664663381946,19.508098115423117,2078331706
28,510969084,43.0362816,-76.1308857,10.966950509939133,14.273261593362106,4.408043619806725,19.50288334336878,2078331706
28,2078331706,43.0358009,-76.1305541,3.0118854397033163,17.74622624949043,14.27343906561397,14.011801599964038,510969084
61,1447514368,43.0377785,-76.1342748,-0.6909502011790027,17.98673366177113,19.568836041491792,-4.120209620996838,1470964141
61,1470964141,43.0370494,-76.134354,12.804930840060399,12.650444505283994,15.971045939610885,19.714223424299842,1447514368
62,1447514368,43.0376024,-76.1343254,-0.6768413780227283,17.987270102742,19.568765163154843,-4.1224401575769765,1470964141
62,1470964141,43.0369057,-76.1341121,12.794031632917262,12.661467315280346,15.9897296589157,19.71280989712337,1447514368
63,2062939665,43.0371976,-76.1308816,-14.268023446624575,10.97376448291886,15.254867256637167,-19.740812069238217,1489771090
64,2062939665,43.0370603,-76.1311238,-14.268147956840787,10.973602593574276,15.262651974273963,-19.753479955849983,1489771090
64,1489771090,43.0371909,-76.132997,13.150365407978036,12.290967807160452,15.866787874004892,19.684523758989556,2062939665
65,1489771090,43.0370481,-76.1327555,13.141932168755101,12.299984506975601,15.909444466356234,19.693180582155094,2062939665
65,2062939665,43.0369229,-76.1313662,-14.2682704602531,10.973443309785164,15.2783579200279,-19.79497146560589,1489771090
66,1489771090,43.0369049,-76.1325138,13.133449344755828,12.309041729912723,15.927908780232338,19.700957700633985,2062939665
66,2062939665,43.0367853,-76.1316091,-14.268368414446558,10.973315943215336,15.227626734131576,-19.815649702122236,1489771090
67,2062939665,43.0366483,-76.1318523,-14.26836134202139,10.973325139332633,15.243274401820358,-19.819886186878005,1489771090
67,1489771090,43.0367615,-76.1322721,13.124835778514772,12.318225756456105,15.844132005966454,19.732976711386076,2062939665
68,1769607885,43.0371541,-76.1310039,-0.5716567344184448,17.990920170408017,19.675238543754954,-16.17770876399966,919798523
71,1408670280,43.0370818,-76.1346752,12.831805160940956,12.623184079765652,16.026999401361454,19.646226980788263,2062939665
72,2062939665,43.0361923,-76.1328647,-14.247693943235827,11.000146239931594,15.296055420656325,-19.77098947111396,1408670280
72,1408670280,43.0369375,-76.1344342,12.821336637612426,12.633816795609208,16.04510647202567,19.66034585051463,2062939665
73,1493981394,43.0325683,-76.0387765,-17.460374035385275,4.3743957919287215,13.458935288667771,-19.98913995108121,57024905
73,1408670280,43.0367931,-76.1341929,12.81068414161097,12.644618294906225,15.968500075932482,19.68864303254648,2062939665
73,57024905,43.0321831,-76.0381582,-15.0973506539794,-9.801530657544657,-14.80863052149693,-19.86273794602534,1493981394
73,557546894,43.0376156,-76.1318067,-15.447613112158834,9.239656332194315,14.687981013436477,-19.87867970457937,178924317
73,2062939665,43.0360546,-76.1331073,-14.24775720476679,11.000064301358243,15.242532433789403,-19.805422782770886,1408670280
74,57024905,43.0323164,-76.0384019,-15.100005867501922,-9.797439604376617,-14.814417232519347,-19.866042490163508,1493981394
74,1408670280,43.0366493,-76.1339513,12.799490538111982,12.655948876507908,15.990991854966207,19.698854220149453,2062939665
74,178924317,43.036793,-76.1324214,13.268756120009087,12.163063389940932,15.673622984242197,19.7580195162251,557546894
74,2062939665,43.0359174,-76.1333504,-14.247690117739182,11.000151194818969,15.257789081352271,-19.818175960764986,1408670280
74,1493981394,43.0324471,-76.0390218,-17.466380128659555,4.350352307706424,13.462832289801431,-19.986051169544698,57024905
74,557546894,43.0374834,-76.1320507,-15.451268496789337,9.23354221521326,14.652333094884847,-19.891958772971066,178924317
75,2062939665,43.03578,-76.1335935,-14.247631232827842,11.000227463709493,15.265790647734207,-19.81961215107806,1408670280
75,1408670280,43.0365054,-76.1337096,12.788122143205685,12.667435890915431,16.03575311785532,19.704521479306436,2062939665
76,1680678442,43.0373503,-76.1309023,10.804895739589623,14.396326894614404,4.457703666030697,19.47647331495634,524797220
77,524797220,43.0366288,-76.1300573,11.957184368015234,13.454580706558348,3.7675801902023327,19.653561483135505,1680678442
77,1680678442,43.0373102,-76.1306633,10.732460567434584,14.450407958547807,4.530962101899807,19.464235739980666,524797220
78,1680678442,43.0372694,-76.1304245,10.659190514374437,14.504539205995826,4.568573917262454,19.459460283823073,524797220
78,524797220,43.0365949,-76.1298161,11.887543660555515,13.516149811184633,3.7976873641530897,19.64134973886765,1680678442
79,1680678442,43.0372283,-76.1301857,10.584915390298555,14.558831209277098,4.645149007742949,19.44132275669247,524797220
79,524797220,43.0365607,-76.1295751,11.816808074287746,13.578035459353018,3.860354419354663,19.63210314200624,1680678442
80,1680678442,43.0371865,-76.1299471,10.509811798407753,14.613139839269628,4.684378578733008,19.43190748380339,524797220
80,524797220,43.036526,-76.1293342,11.745066911664804,13.640139414262471,3.8921741174473046,19.622851556119986,1680678442
81,1680678442,43.0371443,-76.1297087,10.43369673053196,14.667582368450729,4.764797751068376,19.412344564437735,524797220
81,524797220,43.0364909,-76.1290934,11.672180444883468,13.702561937903432,3.9579534145752686,19.612664690788066,1680678442
81,1861482911,43.074962,-76.1752509,11.693741537840895,13.684166355542981,4.016409885415777,19.59524878684933,2080162985
81,2080162985,43.075721,-76.1754749,8.031855808999442,16.108671337619434,6.593660611939419,18.87324443853774,1861482911
82,2080162985,43.0756617,-76.1752431,8.00738001692956,16.120851877753765,6.612737625023901,18.86956657893201,1861482911
82,1861482911,43.0749259,-76.1750103,11.673417273418043,13.701508280502015,4.035218071652931,19.58914086513303,2080162985
82,1680678442,43.0371014,-76.1294704,10.356741448538553,14.722021144127035,4.806019169967939,19.402180179172376,524797220
82,524797220,43.0364553,-76.1288527,11.598260587734494,13.765186207930668,3.99138596537971,19.60291925051798,1680678442
83,2080162985,43.0756021,-76.1750114,7.982829985865768,16.133022823288954,6.650978933437525,18.858702731635073,1861482911
83,524797220,43.0364194,-76.1286122,11.523157837733866,13.82811749467991,4.025751306355969,19.598864082101947,1680678442
83,1680678442,43.0370581,-76.1292324,10.278751291222388,14.776578490746568,4.8903317383023595,19.37707940823295,524797220
83,1861482911,43.0748895,-76.1747698,11.653017535941476,13.718862281801666,4.044722932354463,19.58718157813438,2080162985
84,2080162985,43.0755423,-76.1747799,7.958231709119115,16.14517104474186,6.667417944286826,18.849157253140884,1861482911
84,1861482911,43.0748531,-76.1745293,11.632526609875283,13.7362412861213,4.017471400775326,19.592786213560426,2080162985
84,1680678442,43.0370141,-76.1289946,10.199929243288665,14.831097175593742,4.933932328912991,19.370047268239986,524797220
84,524797220,43.0363831,-76.1283717,11.446824530607898,13.8913717164819,4.095678044478454,19.581402351033493,1680678442
85,1680678442,43.0369697,-76.1287569,10.120030548381822,14.88573080838891,5.023138193370774,19.35056870499151,524797220
85,524797220,43.0363463,-76.1281314,11.369438312672724,13.954779555920245,4.131637428127011,19.573849087653453,1680678442
85,1861482911,43.074817,-76.1742887,11.611894639698258,13.753686883034192,4.027079136103039,19.59305986437835,2080162985
85,2080162985,43.0754823,-76.1745484,7.933565809226257,16.157305887760995,6.653837879737082,18.852113246760783,1861482911
86,2080162985,43.0754224,-76.174317,7.908788725851783,16.169448379268843,6.673418420743124,18.848189383070647,1861482911
86,1861482911,43.0747807,-76.1740481,11.591167464517262,13.771159602935272,4.046286496827948,19.58910398259965,2080162985
86,1408670280,43.0354017,-76.1316878,12.644415657453228,12.810884149095706,16.051094649178882,19.675121479795543,1390590243
86,1390590243,43.035329,-76.1305661,-0.0068130648491363036,17.999998710615156,20.0,12.614936747447034,1408670280
87,1408670280,43.0352572,-76.1314464,12.630609067684054,12.824496659882495,16.10066669434989,19.67172023972879,1390590243
87,1390590243,43.0351489,-76.1304113,-0.07525113763469553,17.999842701153938,19.994836710898856,-13.039491359618847,1408670280
87,1861482911,43.0747443,-76.1738076,11.570360345861284,13.78864610710278,4.056107244507167,19.58963452195029,2080162985
87,2080162985,43.0753623,-76.1740855,7.883936895559758,16.181580238865163,6.692525735905436,18.834931332298332,1861482911
88,1390590243,43.034969,-76.1305713,-0.004580016824656617,17.99999941731793,20.0,12.61098838268874,1408670280
88,1861482911,43.0747078,-76.173567,11.549456842484988,13.806159735551978,4.075585893885249,19.585592677985588,2080162985
88,1408670280,43.0351123,-76.131205,12.61669952589951,12.838181065601429,16.122969435088315,19.67167001207774,1390590243
88,2080162985,43.075302,-76.1738542,7.8590245565871575,16.193694236305685,6.73206339191359,18.824321536191288,1861482911
89,1861482911,43.0746711,-76.1733266,11.528472791424171,13.823686740424662,4.085394056088857,19.58354982054216,2080162985
89,1408670280,43.0349672,-76.1309636,12.60257212802883,12.852049476944554,16.175144289033994,19.669704777101142,1390590243
89,2080162985,43.0752414,-76.1736231,7.834063133084569,16.205784610034936,6.75167855607428,18.8138118483137,1861482911
89,1390590243,43.0347889,-76.1304166,-0.07381738364050648,17.99984863808228,19.994593863936913,-13.060318728200585,1408670280
89,1768934683,43.0374616,-76.1312465,11.40089573249031,13.929091014739054,4.127914417500062,19.54449491073305,2052565790
89,2052565790,43.0368781,-76.1302028,-1.3595869099802371,17.948579983781734,18.35111250619848,-7.937212005238972,1768934683
90,1408670280,43.0348216,-76.1307222,12.588336457232915,12.86599336388375,16.058548858047953,19.696531663682112,1390590243
90,1861482911,43.0746343,-76.1730861,11.507394606914456,13.841237999570561,4.105149646846776,19.57941953338611,2080162985
90,2080162985,43.0751807,-76.1733921,7.809036694958248,16.217858856729382,6.79187072422132,18.802826246926227,1861482911
90,1390590243,43.034609,-76.1305768,-0.002155355442985575,17.99999987095675,20.0,-12.602159658243188,1408670280
91,1861482911,43.0745974,-76.1728457,11.486235301102331,13.858802206818257,4.115097720548254,19.577331818136493,2080162985
91,1388754010,43.0370062,-76.1339938,13.204517311868358,12.232772480536408,15.866787874004892,19.72041037630082,825701371
91,2080162985,43.0751195,-76.1731612,7.7839617314774845,16.229908803283337,6.811816902495567,18.792125418979207,1861482911
91,825701371,43.0374928,-76.1333959,-14.439791545121155,10.746739977009197,15.161316741675599,-19.830641544806117,1388754010
92,825701371,43.0373563,-76.1336393,-14.44044256315808,10.745865185276271,15.176536885269854,-19.833342070333075,1388754010
92,1861482911,43.0745603,-76.1726053,11.464981025731102,13.876390383656187,4.135136059389372,19.573110517673264,2080162985
92,1388754010,43.0368634,-76.1337518,13.196450770900741,12.241474055488302,15.909444466356234,19.726448677726353,825701371
92,2080162985,43.0750582,-76.1729305,7.758821788767559,16.241942139108417,6.85267872915121,18.780750912312218,1861482911
93,607202662,43.0378032,-76.1342972,11.96191918996934,13.450371344042637,3.789451434509148,19.62953182059758,649652191
93,2080162985,43.0749965,-76.1726999,7.733633914091712,16.253950488506188,6.873358740232007,18.776193164101592,1861482911
93,1861482911,43.0745231,-76.172365,11.443645058006625,13.893991067593234,4.145006476549975,19.566216298509158,2080162985
93,649652191,43.0369661,-76.1338519,-14.56916908726859,10.570681723833015,15.151107970744757,-19.83468514670103,607202662
94,2080162985,43.0749347,-76.1724693,7.708371072809767,16.265946495788974,6.914694952363909,18.761008278324688,1861482911
94,1861482911,43.0744858,-76.1721247,11.422219367471508,13.911610428751905,4.165404407606819,19.564131858271768,2080162985
95,2080162985,43.0748724,-76.172239,7.683066278412344,16.277914257100726,6.935537236063688,18.753312646092528,1861482911
95,1861482911,43.0744483,-76.1718845,11.400708571766373,13.929244202814909,4.173410676872486,19.561879577561225,2080162985
97,1028432114,43.0369703,-76.1314208,-14.615519600734672,10.506502120141636,15.123433126433145,-19.81467831023836,1388754010
98,1028432114,43.0368342,-76.131664,-14.616792303006777,10.504731446865351,15.080694691784169,-19.82602761828401,1388754010
98,1388754010,43.0362628,-76.1325983,13.124365668168819,12.318726630954663,15.933011877781851,19.709331894187223,1028432114
99,1028432114,43.0366984,-76.1319073,-14.618002108230993,10.50304786068093,15.091475690200914,-19.836191367515383,1388754010
99,1388754010,43.0361193,-76.1323564,13.115262470010713,12.328417998377912,15.822235278824696,19.734351421866396,1028432114
117,714598739,43.0379448,-76.1335045,11.403091896033258,13.927293176013086,4.150084167101266,19.553694119360088,429154653
117,429154653,43.0376365,-76.132857,8.953181375164792,-15.61539443188683,-5.809632072473974,19.142283359630134,714598739
118,714598739,43.0379074,-76.1332645,11.339090416474075,13.979450222631282,4.2111215189017885,19.540647240783848,429154653
118,429154653,43.0376888,-76.1326221,8.880115389880189,-15.65706072870681,-5.906125416985209,19.11564552909949,714598739
119,429154653,43.0377419,-76.1323875,8.806505906967097,-15.698581264259316,-5.955525382394759,19.10370210860135,714598739
119,714598739,43.0378695,-76.1330247,11.274362795482322,14.031704941162497,4.2423025068399935,19.525363776237768,429154653
120,714598739,43.0378313,-76.1327851,11.208808371045405,14.084126344973708,4.306036458195153,19.519962695553563,429154653
120,429154653,43.0377955,-76.1321531,8.732151131191346,-15.7400615190041,-6.056719872410482,19.068446425556797,714598739
126,1880722414,43.0371531,-76.1317724,12.627058290386596,12.827992786526629,16.07570667818095,19.664562739030668,22754554
127,22754554,43.0375096,-76.1305325,0.14105235094204085,17.999447331356976,19.985223492626282,13.393539584624666,1880722414
134,847318254,43.0371417,-76.1300571,3.4503165060301124,17.666219629796757,13.423208483484768,14.828847808590625,1880722414
134,1880722414,43.0363268,-76.1302952,12.512177284578561,12.940070308900035,16.16663593255241,19.67217940612544,847318254
135,1880722414,43.0361813,-76.1300538,12.496341030130061,12.95536417314033,16.07147730275915,19.69487531203366,847318254
135,847318254,43.0370209,-76.1298751,3.3920739173449292,17.677495143239845,13.560930227886622,14.696068892549759,1880722414
136,847318254,43.0368988,-76.1296948,3.3340421176422232,17.688531967288515,13.702533642010458,14.566380022900738,1880722414
136,1880722414,43.0360366,-76.1298122,12.479688911978528,12.971405654756165,16.096204661468242,19.687704982843446,847318254
137,847318254,43.0367754,-76.129516,3.2762099697825957,17.69933468336867,13.696040517114547,14.572553378040144,1880722414
137,1880722414,43.0358918,-76.1295706,12.462778123666817,12.987654193127096,16.15154109130016,19.68030981232181,847318254
146,301659698,43.0379439,-76.1327009,-0.6290091020088033,17.98900629689117,19.637969281369756,-3.7769478730024897,1589389712
146,714598739,43.0349932,-76.1285547,10.740264916971723,14.444608319828763,4.623728191852479,19.460349132289036,1219051881
147,1589389712,43.0369538,-76.1327185,12.879357775458159,12.574662750616634,15.958146619210428,19.71642339568254,301659698
147,714598739,43.0349516,-76.1283159,10.656379003957925,14.506604927549544,4.667459049506483,19.452417866385037,1219051881
147,301659698,43.0377672,-76.1327473,-0.6147062524548629,17.989500721898672,19.635136910708358,-3.781939901907081,1589389712
147,1219051881,43.0351432,-76.1286719,12.71082381620093,12.744997368124448,15.992728045232482,19.699145975328538,714598739
148,714598739,43.0349096,-76.1280772,10.571179110796482,14.568808194476999,4.757374587585171,19.430618059414137,1219051881
148,1219051881,43.0349993,-76.1284301,12.69578532903974,12.759977855738594,16.047606635044964,19.693016633672627,714598739
149,714598739,43.0348668,-76.1278388,10.48489350196215,14.63102895399062,4.803604055069154,19.41923821601252,1219051881
149,1219051881,43.0348548,-76.1281885,12.680634308660784,12.775034776078499,16.07293136703226,19.68456993176397,714598739
150,714598739,43.0348235,-76.1276005,10.397271442453695,14.693425283164471,4.70614401617099,19.443092763133127,1219051881
151,870169681,43.0376723,-76.1329,2.804759495096602,17.78013847456384,14.849234813129828,13.395375405552134,301659698
152,1839835447,43.0376761,-76.1327038,-0.9204842886716202,17.97644872254553,19.20476487682929,-5.5762038972791075,870169681
166,1581213422,43.0787351,-76.1817425,8.8193971825197,15.691342623783463,5.9061115015695655,19.11654301100962,1769730885
167,1581213422,43.078682,-76.1815078,8.797494182677083,15.703633213551662,5.920961625790821,19.115421979579885,1769730885
167,1769730885,43.0791508,-76.1821493,11.955706880283126,13.455893615540766,3.845010735152016,19.606604117933895,1581213422
168,1581213422,43.0786287,-76.181273,8.7755226370453,15.715921940716857,5.950448492026739,19.106262509519027,1769730885
168,1769730885,43.0791162,-76.1819086,11.93772186139137,13.471852016707228,3.8614906964374773,19.608025958510474,1581213422
169,1581213422,43.0785751,-76.1810384,8.75350486705554,15.728196099439852,5.9652970046545235,19.101631228187998,1769730885
169,1769730885,43.0790814,-76.1816678,11.91966695914551,13.487829313238468,3.869382158664999,19.601809689918998,1581213422
170,1581213422,43.0785214,-76.1808039,8.731422924824656,15.740465485742362,5.995206554301731,19.092263887266284,1769730885
170,1769730885,43.0790466,-76.1814271,11.901541830276077,13.503825460297865,3.886064523140018,19.603170486531813,1581213422
171,1769730885,43.0790116,-76.1811864,11.883346307654884,13.51984025542998,3.894561282197401,19.605492941913898,1581213422
171,1581213422,43.0784674,-76.1805694,8.709294924430743,15.752719826089873,6.009873407238338,19.081186234809568,1769730885
172,1769730885,43.0789766,-76.1809456,11.865070760078215,13.53588179094133,3.911183874324305,19.60218311816436,1581213422
172,1581213422,43.0784133,-76.1803351,8.687111210037747,15.764964282371102,6.040398568853711,19.07453793191188,1769730885
173,1581213422,43.078359,-76.1801009,8.664877669319038,15.777195409062292,6.055889247970536,19.073100396516192,1769730885
173,1769730885,43.0789414,-76.1807049,11.846729200667793,13.551937398248452,3.9190442234954723,19.591942638209158,1581213422
174,1581213422,43.0783045,-76.1798667,8.64257497585721,15.789423605270928,6.083894939541057,19.063185693356786,1769730885
174,1769730885,43.0789061,-76.1804644,11.828320457186816,13.56800778161982,3.8940450526382233,19.601586756108375,1581213422
176,880561817,43.0451936,-76.2409949,17.982399298534084,-0.7958112012788874,-12.749728424267214,19.999439527120916,1163312140
176,1163312140,43.0455888,-76.2409963,17.401637209638686,4.602501757101059,13.522861152258077,19.976537178478985,880561817
176,104564824,43.0376872,-76.1340425,12.234431182999323,13.20298048277183,3.762257673128518,19.59494585218401,2067055686
176,2067055686,43.0373539,-76.1323716,-0.8835509240956159,17.978301859867905,19.290809431091947,-5.255761380877133,104564824
177,104564824,43.0376533,-76.133802,12.17868796705598,13.254416599801209,3.7877294367252317,19.598646990748325,2067055686
177,880561817,43.0453083,-76.2407494,17.983159080025672,-0.7784532757270475,-12.749888724073458,19.99943832637296,1163312140
177,1163312140,43.0454671,-76.2407511,17.405008665036373,4.589735653608911,13.524012267927063,19.97397180408074,880561817
177,2067055686,43.0371802,-76.1324361,-0.8634541508564869,17.979278264974063,19.290099381526662,-5.269304673333287,104564824
178,2024988286,43.0373503,-76.1324938,16.242574849732765,-7.75749716408769,-14.273499860233377,19.91492522442319,347835373
179,2024988286,43.0374788,-76.1322494,16.25137497930942,-7.739044597485907,-14.286281769938189,19.92119184437351,347835373
179,347835373,43.037023,-76.131744,-15.155390343280423,9.711546918117756,14.817087528253852,-19.872238210812952,2024988286
183,2091549501,43.0374796,-76.1314396,13.048617442943028,-12.398934745683716,-15.942685069340179,19.713518961863493,2024988286
184,2091549501,43.0376231,-76.1311977,13.036146252885768,-12.412046200098208,-15.80142317107325,19.739949896708513,2024988286
184,2024988286,43.0378209,-76.1311707,16.244052404742416,-7.754402715359977,-14.254389745666458,19.929297753833673,2091549501
185,2024988286,43.0379493,-76.1309262,16.253097043202644,-7.735427364033449,-14.2609095970748,19.93091516489759,2091549501
185,2091549501,43.0377653,-76.1309555,13.022592026901348,-12.426266410345686,-15.858619176102472,19.72807762851251,2024988286
186,2091549501,43.0379081,-76.1307134,13.008987920506401,-12.440507758291801,-15.887979746107144,19.725718818399685,2024988286
186,2024988286,43.0380776,-76.1306816,16.26225014091454,-7.716166169434472,-14.274104142595707,19.927651563134294,2091549501
187,2024988286,43.0382061,-76.130437,16.271530621651635,-7.696576591488787,-14.28078006296583,19.92924931802341,2091549501
187,2091549501,43.0380511,-76.1304713,12.995160448100984,-12.454951020703044,-15.945913824074779,19.712970954725243,2024988286
187,256840109,43.0380066,-76.1334752,12.242429473187128,13.195564428778297,3.6180600069348716,19.61198936313946,966305720
187,966305720,43.0371914,-76.1318334,-14.899535795112042,10.099694702820225,14.952960677796295,-19.82303621836614,256840109
188,2024988286,43.0383347,-76.1301925,16.28092329502986,-7.676687870517725,-14.216380864537674,19.936987086855705,2091549501
188,2091549501,43.0381946,-76.1302294,12.981281524691095,-12.469415783296093,-15.976896133172234,19.707684758175972,2024988286
189,2091549501,43.0383384,-76.1299876,12.967186353789412,-12.484072975839961,-15.856908182375358,19.733031928509526,2024988286
189,2024988286,43.0384626,-76.1299478,16.29028609443627,-7.656799524698053,-14.220668915175274,19.932067998412695,2091549501
190,1711911961,43.0563289,-76.1855416,-0.024909943638536543,17.999982763733634,19.99776946341986,-12.602230536580137,1554234968
190,2024988286,43.0385906,-76.1297032,16.299764465304804,-7.636601231934713,-14.23386478890543,19.93531008288944,2091549501
190,1554234968,43.055823,-76.1854029,-2.567968306139935,17.81587883823475,15.453197010507422,-12.694541175441659,1711911961
190,2091549501,43.0384812,-76.1297454,12.951993938402676,-12.49983411968256,-15.887979746107145,19.723206649868185,2024988286
191,1554234968,43.0556839,-76.1855587,-2.5348946002668864,17.820614730293055,15.557047375786206,-12.569470744422024,1711911961
191,2091549501,43.0386242,-76.1295034,12.936563432283148,-12.51580307301591,-15.951909878677379,19.717116933396348,2024988286
191,1711911961,43.0561489,-76.1856963,-0.017230915932633057,17.99999175265189,19.99585690346165,12.881662205094432,1554234968
191,2024988286,43.0387188,-76.1294586,16.309370098165754,-7.616065060190649,-14.240543364121521,19.93044221583328,2091549501
192,2091549501,43.0387678,-76.1292614,12.921029666473144,-12.531839145078465,-15.984802506488176,19.7093372913056,2024988286
192,2024988286,43.0388469,-76.129214,16.31909952330572,-7.595195240969326,-14.251834555284043,19.929253820383252,2091549501
193,2091549501,43.0389116,-76.1290196,12.905239804787746,-12.548098883134525,-15.85498543166824,19.733349179488705,2024988286
193,2024988286,43.0389752,-76.1289695,16.32896031024277,-7.573972219814146,-14.178394873700075,19.935459799020943,2091549501
194,2024988286,43.0391029,-76.1287248,16.338778986920733,-7.552767785160451,-14.191575047116087,19.938731301065776,2091549501
194,2091549501,43.0390544,-76.1287774,12.888193030709168,-12.56560704475433,-15.887979746107145,19.723206649868185,2024988286
195,2091549501,43.0391974,-76.1285354,12.870849193913848,-12.583371608099604,-15.955986960967241,19.71642339568254,2024988286
195,2024988286,43.0392306,-76.1284801,16.34873102145582,-7.531201364197364,-14.198247758010137,19.933878165356955,2091549501
203,669982908,43.0372034,-76.1330558,3.6116194041667935,17.63395035944714,12.995622984079136,15.210019596477427,294235825
203,294235825,43.0374247,-76.133554,12.20667145149823,13.228649669379642,3.6937353263736763,19.644960318371183,669982908
204,669982908,43.0370864,-76.1328692,3.5579281828486033,17.64486177462696,13.117445685688905,15.10503019674378,294235825
204,294235825,43.0373914,-76.133313,12.151642613707544,13.279216158671673,3.7178333620970125,19.640416531252615,669982908
205,669982908,43.0369683,-76.1326838,3.50433932055435,17.65558285433864,13.240693408146644,14.994136062412402,294235825
205,294235825,43.037358,-76.1330719,12.09587635718291,13.330032826356563,3.7644031714136807,19.63435215979532,669982908
206,294235825,43.0373241,-76.132831,12.03943591308137,13.38103071122724,3.7896357404301364,19.63246490740523,669982908
206,669982908,43.0368491,-76.1324998,3.4508789433672353,17.66610977318506,13.226179351483628,15.004176190407422,294235825
209,164433509,43.037307,-76.1302147,-14.60183159551648,10.525517282118571,15.080694691784169,-19.763360753954053,294235825
209,294235825,43.037084,-76.132249,11.955694808798203,13.455904341175874,3.895563806738216,19.56012619044256,164433509
210,164433509,43.0371712,-76.1304572,-14.603069666414177,10.52379951908312,15.094338349452627,-19.79697231342312,294235825
210,294235825,43.037049,-76.132009,11.89722092019196,13.507632448958134,3.9223227027636804,19.573234471854136,164433509
211,164433509,43.0370353,-76.1307001,-14.604302524465394,10.522088565199098,15.101216164636371,-19.818104430181315,294235825
211,294235825,43.0370137,-76.1317688,11.83788535176917,13.559663358592974,3.976935723980586,19.58567503502871,164433509
212,164433509,43.0368994,-76.1309433,-14.605533420956734,10.520379911833787,15.11508529505265,-19.830240056059953,294235825
227,1944603738,43.0383462,-76.1317284,-15.209317508047954,9.626871814841307,14.827249614981408,-19.827968981750214,1255279628
227,1255279628,43.0377479,-76.1333464,15.096073692281049,-9.80349728807123,-14.826733126869092,19.837275905274677,1944603738
228,1255279628,43.0378814,-76.133103,15.100331512615469,-9.796937695479759,-14.845133024800372,19.84870778063234,1944603738
228,1130152120,43.0369455,-76.1302881,-0.7107698271103764,17.985961365822774,19.532889334101796,-4.295075995259206,1194262100
228,1944603738,43.0382128,-76.1319718,-15.21252049169721,9.62180961616329,14.785229743534755,-19.860730921534163,1255279628
229,1944603738,43.0380797,-76.1322155,-15.215660761503559,9.616842911831352,14.796868199216206,-19.86798971265793,1255279628
229,1255279628,43.038015,-76.1328594,15.104667331253095,-9.790251519352068,-14.854446741438359,19.864937826200396,1944603738
229,861389063,43.0377092,-76.1340997,-14.878053882067736,10.131313472708715,14.99139921355018,-19.85847732743392,373325612
239,681317258,43.0381746,-76.1344432,4.84204804294173,17.336509762632275,10.527092292325909,17.012895643198693,366562148
239,366562148,43.0379384,-76.1349799,11.999716788670952,13.416661171531779,3.7669676463793493,19.62710883724529,681317258
240,366562148,43.0379045,-76.1347391,11.942901131587808,13.467260766804754,3.7920159094748165,19.62623686280585,681317258
240,681317258,43.0380798,-76.1342344,4.784063166253848,17.35260037058692,10.710840507166644,16.89484339576825,366562148
241,681317258,43.0379834,-76.1340271,4.726300340867613,17.368422066725426,10.804648117315892,16.837909969106594,366562148
241,366562148,43.0378704,-76.1344982,11.88531873268315,13.518106325315356,3.84310585710655,19.61630224467686,681317258
242,681317258,43.0378862,-76.1338204,4.66840316628865,17.3840735121831,10.899767011908281,16.776465035454198,366562148
242,366562148,43.0378358,-76.1342575,11.827070715367581,13.569097180494161,3.8691604906523396,19.611182677048127,681317258
243,366562148,43.0378009,-76.1340168,11.76804900876493,13.620316535503378,3.9223227027636804,19.60694168704371,681317258
243,681317258,43.037788,-76.1336146,4.610389546083464,17.399549081322892,10.996213586849992,16.70794568441914,366562148
244,681317258,43.0376891,-76.1334095,4.552288516080096,17.41484048925988,11.193153738147927,16.5820703601605,366562148
244,366562148,43.0377656,-76.1337762,11.708323035743414,13.671692349181946,3.949444254943314,19.595181311494144,681317258
245,681317258,43.0375883,-76.1332061,4.494451417302321,17.42985675378628,11.293678311839802,16.51081705177133,366562148
245,366562148,43.0377301,-76.1335358,11.647825429547071,13.723270847826205,4.002240085986246,19.587243176903435,681317258
246,681317258,43.0374866,-76.1330034,4.436540016433527,17.444687233727755,11.248580597190262,16.543290379479924,366562148
246,366562148,43.0376941,-76.1332954,11.586610999469112,13.774993486277276,4.03028310226105,19.578039620538263,681317258
247,681317258,43.0373854,-76.1328004,4.377950927050885,17.459482972881364,11.456548944888842,16.39994309567022,366562148
247,366562148,43.0376578,-76.1330552,11.52459250722724,13.826921839019768,4.088188300634185,19.569480572616577,681317258
257,217781813,43.0381665,-76.1321998,-14.745305632289229,10.323563425987148,15.010166265536887,-19.838817571495767,2096300425
257,2096300425,43.0374626,-76.1329869,14.073675425738044,-11.221927642387337,-15.38659512576916,19.793428857521995,217781813
257,1934765383,43.0770505,-76.1731031,7.08513382297418,16.546929585592224,7.58003510801405,18.51890743808971,1664302371
258,2096300425,43.0376011,-76.132744,14.072184428990354,-11.22379728062127,-15.289629436872296,19.813650339652767,217781813
258,217781813,43.0380314,-76.1324433,-14.74695594627591,10.321205855838627,15.019765823370312,-19.850919028954138,2096300425
260,1038422174,43.0426438,-76.201025,16.948495072635133,6.062055325783706,13.83849445158273,19.946679707474615,2009550651
262,1358182025,43.0367138,-76.1294576,11.76829944694881,13.620100151134878,3.8262983487286646,19.628414478712564,247018980
263,247018980,43.0366843,-76.1293668,12.547721561874758,12.905606673289844,16.15154109130016,19.682611227238894,1389521186,1358182025
263,1358182025,43.0366793,-76.1292168,11.696500622982946,13.681808110646768,3.8921741174473046,19.622851556119986,1389521186,247018980
264,1389521186,43.0370269,-76.1294315,10.606796075573365,14.542897820283324,4.606947508539574,19.456845411710827,247018980
264,247018980,43.036539,-76.1291253,12.531535177461118,12.921324471433051,16.179868422242855,19.67739820199815,1389521186
265,1389521186,43.0369854,-76.1291927,10.531715570781595,14.597361649837842,4.682393551792337,19.433488052219435,247018980,1358182025
265,247018980,43.0363933,-76.1288838,12.51509897330485,12.937244594131469,3.638097537645588,19.66896567870689,1389521186
265,1358182025,43.0365381,-76.1288091,11.607260381060831,13.757598135076325,3.957619476189738,19.6072018024712,1389521186
266,1358182025,43.0365025,-76.1285685,11.53268794023394,13.820170363392148,4.025751306355969,19.598864082101947,1389521186
266,247018980,43.0363606,-76.1286425,12.447662472716107,13.002142091414596,3.6680287413791666,19.66596631697433,1389521186
266,1389521186,43.0369433,-76.1289542,10.45581232980778,14.651825433161546,4.721480960652629,19.41114957404941,247018980,1358182025
267,247018980,43.0363275,-76.1284011,12.379028502827662,13.067503714412338,3.729053192277963,19.654490824228485,1389521186
267,1358182025,43.0364663,-76.128328,11.457055072949332,13.882935174357256,4.060326209844005,19.588760795860015,1389521186
267,1389521186,43.0369008,-76.128716,10.378943586501265,14.706377189104877,4.80345469500227,19.394486754275366,247018980,1358182025
268,1389521186,43.0368576,-76.1284781,10.30121230972766,14.760929000232855,4.681076771500411,19.432208206939407,247018980,1358182025
268,1358182025,43.0364297,-76.1280876,11.380216974369127,13.945990879685848,4.129257259082331,19.571248407807285,1389521186
268,247018980,43.036294,-76.12816,12.309332828920397,13.133176512438355,3.757939536908592,19.643774852022187,1389521186
269,1389521186,43.0368154,-76.1282396,10.221635105925808,14.816145779564438,4.76443055595297,19.414873228412727,247018980,1358182025
269,1358182025,43.0363926,-76.1278475,11.302319039735517,14.009196419639208,4.165839607356044,19.56349346669766,1389521186
269,247018980,43.0362601,-76.1279189,12.238415598111487,13.199287240146772,3.822043076681904,19.633562733927516,1389521186
270,1358182025,43.0363551,-76.1276074,11.223164645980926,14.072688987155365,4.240937438968061,19.552782645555126,1389521186
270,1389521186,43.0367725,-76.1280014,10.141161084282087,14.871343310630769,4.807196269270114,19.398017031819723,247018980,1358182025
270,1798775538,43.02611,-76.0775591,-14.12823618355893,11.153158402066037,15.354287006830177,-19.824083501059114,2129308365
270,247018980,43.0362257,-76.127678,12.16639240501984,13.265703744885741,3.8549060806185578,19.62497641042175,1389521186
271,1358182025,43.0363169,-76.1273675,11.142894139672181,14.136332982497953,4.279486395375612,19.541457544793786,1389521186,247018980
271,247018980,43.036191,-76.1274372,12.0930998652217,13.332551730624372,3.9223227027636804,19.616285340593095,1389521186
271,2129308365,43.0258638,-76.0768384,-17.73442965967787,3.0805851142174236,13.173926225489076,-19.97223360521348,1798775538
271,1798775538,43.0259718,-76.0778023,-14.127679788101291,11.153863178507894,15.295761372549288,-19.828477391699725,2129308365
271,1389521186,43.0367293,-76.1277633,10.059632150718167,14.926613848835155,4.892434012318917,19.37304296896473,247018980,1358182025
272,1798775538,43.0258341,-76.0780456,-14.126997035992781,11.15472790995151,15.315363222657407,-19.834342621867734,2129308365
272,247018980,43.0361557,-76.1271965,12.018653815497359,13.399700013926834,3.7860104119846176,19.643603027634747,1389521186
272,1389521186,43.0366852,-76.1275256,9.977218357408145,14.98182611862112,4.937298790518601,19.361596752504695,247018980,1358182025
272,1358182025,43.0362784,-76.1271277,11.061341862712135,14.200236483812942,4.358672364382567,19.52143155091295,1389521186
272,2129308365,43.0257453,-76.0770834,-17.744985980030812,3.0191840898676556,13.179466773739257,-19.96672655140387,1798775538
273,1389521186,43.0366408,-76.127288,9.893694558908638,15.03711435000152,5.030296866254334,19.35168979767608,247018980
273,1798775538,43.0256962,-76.078289,-14.126335722549511,11.155565384767446,15.325270422228037,-19.832982445160756,2129308365
273,396675264,43.0377285,-76.1319788,10.1943512091171,14.834931864527476,4.88800073581012,19.388129457024508,404902519
273,2129308365,43.0256266,-76.0773284,-17.755500105251773,2.9567238647537297,13.182277340696029,-19.960413593235586,1798775538
273,247018980,43.0361217,-76.1269554,11.941996531806574,13.468062920640065,3.8539829476040386,19.627826154654294,1389521186
274,2129308365,43.025508,-76.0775733,-17.765962096645087,2.8931973283151953,13.187981032037854,-19.971825173297713,1798775538
274,404902519,43.0373384,-76.1315483,-1.4963592579296021,17.937695196741647,18.133871758177055,-8.438361066577047,396675264
274,396675264,43.0376845,-76.1317408,10.120392216771407,14.885484922524785,4.928451793799328,19.380451727670177,404902519
274,1389521186,43.0365955,-76.1270505,9.809198943183278,15.092369465827824,5.075302866266802,19.33156560306894,247018980,1358182025
274,1571342700,43.0353563,-76.128388,11.26157727112728,14.041968429192167,4.129257259082331,19.564416922789402,872512323
274,247018980,43.036087,-76.1267146,11.864150048961987,13.536688798067102,3.8888831949755263,19.616540098596225,1389521186,1358182025
274,1798775538,43.0255583,-76.0785323,-14.125688389715773,11.156385055951102,15.345301201407386,-19.821675430682582,2129308365
275,247018980,43.036052,-76.1264738,11.784923883600651,13.605718248506356,3.9609467811477455,19.609090226599776,1389521186
275,2129308365,43.0253893,-76.0778183,-17.776364504506887,2.828580032968409,13.193797519877881,-19.976246421775013,1798775538
275,1389521186,43.0365498,-76.1268133,9.723601402863483,15.147659085094014,5.175475421947141,19.310378498200784,247018980
275,1798775538,43.0254202,-76.0787755,-14.125090689287692,11.157141794357464,15.352651035188051,-19.820382545285945,2129308365
276,2129308365,43.0252705,-76.0780634,-17.786700796947997,2.7628381711293764,13.097358579718765,-19.97428498870506,1798775538
276,1798775538,43.025282,-76.0790186,-14.124502685957939,11.15788617410874,15.302264094666269,-19.827591743574715,2129308365
276,1389521186,43.0365032,-76.1265764,9.637079812102343,15.2028514659313,5.225929345521681,19.29976710030951,247018980
276,247018980,43.0360163,-76.1262332,11.704426659442788,13.675028211076018,3.9976322091409404,19.596841559165156,1389521186
277,247018980,43.0359803,-76.1259928,11.622499416839103,13.744726527129405,4.073722897260952,19.585980126177144,1389521186
277,1798775538,43.0251442,-76.0792619,-14.123796129340864,11.158780529108725,15.31235023976894,-19.83016211020346,2129308365
277,2129308365,43.0251526,-76.0783085,-17.79686085991813,2.69661705340489,13.102354020491326,-19.96881287295424,1798775538
277,1389521186,43.0364562,-76.1263395,9.54938628580394,15.258087087328464,5.329156615802233,19.268528980186947,247018980
278,1389521186,43.0364082,-76.1261031,9.46079742021568,15.313174464285332,5.382535710971696,19.256669540430757,247018980
278,2129308365,43.0250347,-76.0785535,-17.80694155170616,2.629226611405055,13.104889549190107,-19.97409623193886,1798775538
278,247018980,43.0359437,-76.1257524,11.539273126653121,13.814672479233847,4.112504343971467,19.573069932039413,1389521186
278,1798775538,43.0250064,-76.0795052,-14.12309749413042,11.159664742781795,15.33274794274062,-19.823410967558235,2129308365
279,1389521186,43.0363598,-76.1258668,9.371014616293506,15.368281786237961,5.492042388902879,19.225718614727104,247018980
279,2129308365,43.0249167,-76.0787985,-17.816929709703093,2.560667045810391,13.110038149730165,-19.97855872197551,1798775538
279,247018980,43.0359066,-76.1255122,11.454564521809715,13.88499015540516,4.192812311197608,19.55827881812833,1389521186
279,1798775538,43.0248684,-76.0797484,-14.12244254121103,11.160493567499287,15.343061169506852,-19.821985718016,2129308365
280,1389521186,43.0363103,-76.1256309,9.280320002511495,15.423218232618805,5.548412887370809,19.209523318733485,247018980
280,1798775538,43.0247303,-76.0799916,-14.121803063304741,11.16130271255273,15.363920638229272,-19.82762782329913,2129308365
280,247018980,43.0358689,-76.1252722,11.368531730901967,13.955518130240637,4.234089400203117,19.549388144743418,1389521186
280,2129308365,43.0247987,-76.0790436,-17.8268184675403,2.49089207421039,13.109075592666715,-19.96839365589952,1798775538
281,1389521186,43.0362604,-76.1253952,9.188426530357864,15.478140001182819,5.6057180057399485,19.189888912902994,247018980
281,247018980,43.0358308,-76.1250324,11.280938610855879,14.026418789487964,4.31907141260906,19.530796404330022,1389521186
281,2129308365,43.0246807,-76.0792886,-17.836593793294817,2.4199012072803288,13.114948356549293,-19.97822893407795,1798775538
281,1798775538,43.024592,-76.0802349,-14.121189451426261,11.162079039181172,15.298823074059497,-19.828060669354198,2129308365
282,1811777864,43.0370446,-76.1317258,-1.3777137795094174,17.947197684924237,18.301723721319746,-8.008346263605727,855213375
282,855213375,43.037209,-76.1335839,12.699046435935532,12.75673232524509,16.07570667818095,19.638851054298133,1811777864
282,2129308365,43.0245626,-76.0795337,-17.846248841772997,2.347637595012507,13.016576273636712,-19.976131218572895,1798775538
282,1798775538,43.0244543,-76.0804781,-14.120434289267838,11.163034331330756,15.319600414600338,-19.825219974776928,2129308365
282,1389521186,43.0362099,-76.1251597,9.095336361078488,15.53302470476512,5.724367050573494,19.15781689678684,247018980
282,247018980,43.0357919,-76.1247927,11.19199606362382,14.09748999332253,4.360592586458528,19.52100266429565,1389521186
283,2129308365,43.0244455,-76.0797788,-17.85568047098558,2.274791181199748,13.020959354521626,-19.97603942378792,1798775538
283,247018980,43.0357526,-76.1245531,11.101428427859583,14.168919749264976,4.450741063404562,19.506077368166206,1389521186
283,1389521186,43.0361584,-76.1249246,9.001314854310774,15.587698062689187,5.582847259084254,19.19400618856109,247018980
283,1798775538,43.0243164,-76.0807214,-14.119717586508221,11.163940848878159,15.340697069165394,-19.82626127598546,2129308365
284,2129308365,43.0243283,-76.0800239,-17.864972604997014,2.2006257797967823,13.023185658121363,-19.975992430245082,1798775538
284,1798775538,43.0241783,-76.0809646,-14.119034326322065,11.164804955400662,15.351367425493754,-19.82083384624377,2129308365
285,1798775538,43.0240401,-76.0812078,-14.118374016969081,11.165639933159778,15.372956890688124,-19.826364849475947,2129308365
285,2129308365,43.024211,-76.080269,-17.87411093565011,2.1251254692542667,13.02413322576518,-19.970391126098097,1798775538
286,1798775538,43.0239017,-76.081451,-14.117741813849115,11.166439274786589,15.309093893092957,-19.835789641561085,2129308365
286,2129308365,43.0240938,-76.080514,-17.883081899908095,2.0482631083870837,13.026097412571493,-19.96409126767118,1798775538
287,2129308365,43.0239765,-76.0807589,-17.891872592402894,1.9699987657920397,13.031401428916103,-19.975604900869072,1798775538
287,1798775538,43.0237639,-76.0816944,-14.116951116596342,11.167438881481704,15.327319035700917,-19.828107389156642,2129308365
288,1798775538,43.0236259,-76.0819376,-14.11620233236714,11.16838536726203,15.33819829925819,-19.831199963563318,2129308365
288,2129308365,43.0238592,-76.081004,-17.90046950296259,1.8902887540019555,12.92782480478602,-19.966204654619233,1798775538
289,2129308365,43.0237429,-76.0812489,-17.908777018340302,1.8098910761054787,12.931446188900566,-19.977723481011534,1798775538
289,1798775538,43.0234879,-76.0821809,-14.115462289135902,11.169320676029596,15.360216757158225,-19.823551122347236,2129308365
294,1399651393,43.0377245,-76.1352307,11.961972880338205,13.450323594994037,3.889117675745441,19.578368057756897,1575238862,1347010834
294,1575238862,43.0370193,-76.1353262,-14.545933496357348,10.602632631547193,15.13631177448076,-19.8435907123572,1399651393
295,1399651393,43.0376895,-76.1349904,11.903403835113407,13.502184161764625,3.945867831759013,19.581134731892774,1347010834
295,1347010834,43.0374881,-76.1337863,0.8264669492643214,17.981016444622192,19.273636671867017,5.372548151331143,1399651393
296,1399651393,43.037654,-76.1347501,11.844105131250746,13.554230839109971,3.973359300796285,19.57557682018564,1347010834
296,1347010834,43.0373146,-76.1337203,0.8066559671052893,17.981916086744857,19.362950533889684,5.034306028542858,1399651393
297,1347010834,43.0371403,-76.1336586,0.7881716286296612,17.982735761941875,19.362950533889684,5.034306028542858,1399651393
297,1399651393,43.0376182,-76.1345099,11.78399877557517,13.606519498286215,4.029779934141533,19.56946998952378,1347010834
298,1399651393,43.037582,-76.1342698,11.723166945425325,13.658966167674883,4.058692561140087,19.568158317894408,1347010834
298,1347010834,43.036966,-76.1335968,0.7695068371991177,17.983544123100536,19.447037218121224,4.688770196397418,1399651393
300,1493981394,43.0249486,-76.0879227,-17.052413111492992,5.7632635784754696,13.765897119856703,-19.98092492499312,1213436437
301,1213436437,43.0250244,-76.0870976,-17.676798312829558,3.395703374493432,13.303789196596414,-19.962736040737603,1493981394
301,1493981394,43.0248247,-76.0881679,-17.07277495445517,5.702662128736738,13.783109666385377,-19.97991236770026,1213436437
303,1245056755,43.0371921,-76.1331686,-14.454399225595209,10.727084553927627,15.175071877558505,-19.822543950846992,1778195574
309,1922763951,43.0263595,-76.0424018,-16.546457694402214,7.08623579676529,14.086783766973234,-19.939988461890668,1478100243
311,1922763951,43.0261842,-76.0428572,-16.549441724056134,7.0792639887258035,14.094892542064517,-19.936461449321747,1478100243
322,44089384,43.0370264,-76.1347384,12.94464211598,-12.507447401016599,-15.920629957622435,19.702185849941902,1604918667
323,44089384,43.0371697,-76.1344967,12.938861758277348,-12.513427044586468,-15.933044719955976,19.70474246448467,1604918667
323,1604918667,43.0378003,-76.1336773,-14.532859883241827,10.620545353891217,15.123412682065727,-19.82871665333311,44089384
324,1604918667,43.0376642,-76.1339206,-14.533912416452411,10.61910494678767,15.13136713047041,-19.831136949370833,44089384
324,44089384,43.0373131,-76.1342549,12.93303683648953,-12.519447199697156,-15.94829399311946,19.71557163457141,1604918667
325,214212119,43.0311634,-76.0547935,-15.863043974074262,8.506693592494454,14.445747886165314,-19.89971149802083,1773644452
325,1773644452,43.0308266,-76.0556621,-17.212591740341423,5.265613504647893,13.696613737640796,-19.98090171025272,214212119
325,883826229,43.0375633,-76.133424,-14.808182995962309,10.233167464577756,15.018384199820828,-19.845654326296977,44089384
326,1773644452,43.0307033,-76.0559072,-17.220657866421607,5.239173851634586,13.648360385530696,-19.992347306403467,214212119
326,214212119,43.0310334,-76.0550376,-15.867691684764486,8.498020981220042,14.446645718512668,-19.889198089132545,1773644452
326,44089384,43.0375506,-76.1338329,12.920037474720871,-12.532862069447994,-15.914623437055285,19.721563552612785,883826229
326,883826229,43.0374281,-76.1336676,-14.810150730152936,10.230319415841835,14.978442014263948,-19.860569314366252,44089384
327,1773644452,43.0305805,-76.0561525,-17.228707118364518,5.212643382163778,13.65113300704891,-19.987580059035487,214212119
327,214212119,43.0309034,-76.0552817,-15.872379900475002,8.489261233758633,14.455659337558087,-19.888358580398105,1773644452
328,1773644452,43.0304576,-76.0563978,-17.236798766283986,5.185823781293662,13.657529218290048,-19.991865431523024,214212119
328,214212119,43.0307732,-76.0555257,-15.877112654632011,8.480406461492514,14.46019901624546,-19.887934206354192,1773644452
329,1773644452,43.0303346,-76.0566431,-17.24493364457482,5.158707550754484,13.657342822802939,-19.98696784483588,214212119
329,214212119,43.0306431,-76.0557697,-15.88188456413954,8.471466383770064,14.424049390969692,-19.891770261500923,1773644452
330,214212119,43.0305132,-76.0560138,-15.886642505805906,8.46254039238342,14.428537780798298,-19.896705912705624,1773644452
330,1773644452,43.0302117,-76.0568883,-17.253107555765197,5.131303895619312,13.663581647723486,-19.98268821216309,214212119
331,1773644452,43.0300887,-76.0571335,-17.261326953399923,5.103586171294585,13.666728711402948,-19.98646873315781,214212119
331,214212119,43.0303834,-76.0562579,-15.89143642843806,8.453534659591321,14.43400444832389,-19.890368537028387,1773644452
332,1773644452,43.0299657,-76.0573787,-17.269585846196318,5.07556939671361,13.616899561273947,-19.993968668075283,214212119
332,214212119,43.0302534,-76.056502,-15.896275448722594,8.444431707245865,14.438559475150829,-19.889947722414014,1773644452
333,214212119,43.0301235,-76.056746,-15.901154915196166,8.435239911403398,14.448301171245127,-19.899068748317614,1773644452
333,1773644452,43.0298431,-76.0576241,-17.277826653084055,5.047445506984518,13.61664804563447,-19.98513233809538,214212119
334,37027107,43.0376891,-76.1344654,-1.3777538214418583,17.94719461106672,18.380520431316477,-7.873625633493992,1303938164
334,214212119,43.0299934,-76.0569902,-15.906075411625324,8.425957809037994,14.406191171307217,-19.898744945370805,1773644452
334,1773644452,43.0297206,-76.0578693,-17.286106910926932,5.01901463078204,13.622756463537973,-19.984820494136237,214212119
334,1575238862,43.0338573,-76.1431319,-14.329423139679767,10.893467422451405,15.22417438056166,-19.822423493024523,2110477561
334,1303938164,43.0374404,-76.1348905,3.0027898773601884,17.747767548410792,14.372042835331815,13.90375672354642,37027107
335,2110477561,43.0336736,-76.1435191,-13.853835542749668,11.492225230756922,15.514295533512716,-19.788692491040045,1575238862
335,1303938164,43.0373111,-76.1347199,2.9602387660425205,17.754914430884174,14.488314698357254,13.78510755470968,37027107
335,1773644452,43.0295979,-76.0581145,-17.294430492719645,4.990257902402336,13.625838245338194,-19.988610818443625,214212119
335,1575238862,43.0337202,-76.1433751,-14.329734700894251,10.893057578200303,15.23369006793979,-19.821161740216514,2110477561
335,37027107,43.0375236,-76.134562,-1.350182944203866,17.949289847154983,18.330787567392665,-7.9988891203168,1303938164
335,214212119,43.0298637,-76.0572343,-15.91097803246478,8.416696385781254,14.41526129312954,-19.892573157015224,1773644452
336,1575238862,43.0335831,-76.1436183,-14.330070085541298,10.892616368140137,15.25292812086633,-19.823268458695622,2110477561
336,943952397,43.0371262,-76.1302283,-15.468438185996662,9.20474986547708,14.685240120811702,-19.870982458485138,1862456746
336,2110477561,43.0335339,-76.1437619,-13.852030218592933,11.494401194633328,15.523162518294086,-19.782664597700805,1575238862
336,1648370632,43.0815198,-76.1742495,-2.6046388485429746,17.81055463675011,15.214651845645966,-12.981308455459402,446707995
337,1575238862,43.0334458,-76.1438616,-14.330443727635725,10.892124795881925,15.189947152667518,-19.829435682182382,2110477561
337,2110477561,43.0333942,-76.1440046,-13.85023181183574,11.496568129594726,15.471886701962008,-19.790573017440924,1575238862
338,1575238862,43.0333091,-76.1441049,-14.330688223083843,10.891803113018799,15.209090251427746,-19.82908591085087,2110477561
338,2110477561,43.0332549,-76.1442475,-13.848294009458128,11.498902253154695,15.48295885715128,-19.7889633070656,1575238862
339,2110477561,43.0331156,-76.1444903,-13.846358639419268,11.501232648224248,15.50535849957229,-19.79000673641122,1575238862
339,1575238862,43.0331722,-76.1443482,-14.330973887994546,10.89142724447161,15.230374491402205,-19.75349573675743,2110477561,986038921
339,986038921,43.034474,-76.146319,4.708510958273529,17.373253136814018,10.815364694301437,16.769510638157755,1575238862
340,1575238862,43.0330351,-76.1445906,-14.331419583487122,10.890840772045184,15.238336696571633,-19.825215748523988,2110477561
340,2110477561,43.032976,-76.1447331,-13.844444598202157,11.50353657651903,15.516687935000167,-19.784020657568764,1575238862
341,2110477561,43.0328363,-76.1449759,-13.842541392210016,11.50582668933234,15.539611015780247,-19.78494730498053,1575238862
341,1575238862,43.0328979,-76.1448339,-14.331777106713046,10.890370285876228,15.245850289521892,-19.819136237466118,2110477561
342,1575238862,43.0327607,-76.145077,-14.332163152263044,10.889862229473499,15.193305082813286,-19.831156515631022,2110477561
342,2110477561,43.0326964,-76.1452187,-13.840661453716242,11.50808804813438,15.473112784083439,-19.79039507655384,1575238862
343,1575238862,43.0326239,-76.1453204,-14.332428586022292,10.889512882887422,15.203148538708476,-19.82770715133019,2110477561
343,2110477561,43.0325571,-76.1454615,-13.8386091725761,11.510555858371594,15.495983602343713,-19.78706162443886,1575238862
344,1575238862,43.0324871,-76.1455637,-14.332722475295078,10.889126064389707,15.223059367116837,-19.825083204963498,2110477561
344,2110477561,43.0324177,-76.1457043,-13.836586005986067,11.512987783323256,15.519217466285365,-19.785807271489695,1575238862
345,1575238862,43.03235,-76.1458069,-14.333064686968799,10.888675616399269,15.23312842853856,-19.823748509576564,2110477561
345,2110477561,43.032278,-76.1459471,-13.834589580090665,11.515386713022139,15.530973221789246,-19.781909588834225,1575238862
346,1575238862,43.0322129,-76.1460502,-14.333433751685593,10.88818978921842,15.253498163434445,-19.821032503884734,2110477561
346,2110477561,43.0321382,-76.1461898,-13.832600509181798,11.517775963847509,15.552608231669286,-19.78052948524741,1575238862
347,2110477561,43.0319982,-76.1464325,-13.830635712554429,11.520135233000264,15.48613786143457,-19.79281927950882,1575238862
347,1575238862,43.0320756,-76.1462934,-14.333853707365172,10.887636928914084,15.18678368135536,-19.82441551428298,2110477561
348,1575238862,43.0319389,-76.1465366,-14.33413395461131,10.887267966356806,15.207046633963751,-19.8271950425114,2110477561
348,2110477561,43.0318588,-76.1466754,-13.828479830262737,11.522723010817218,15.509879809896626,-19.787182707297063,1575238862
348,1610500263,43.0374777,-76.1310076,-1.4379234806398045,17.942474078672223,18.06851620479411,-8.543780609014899,19507929
349,19507929,43.0371341,-76.1322957,12.047750690742355,13.373544903791108,3.835043545109307,19.545901545957836,1169536480,1610500263
349,1169536480,43.0368318,-76.1305358,-1.7303029613430316,17.916641751789523,17.32842169422284,-9.947349337283226,19507929
349,1610500263,43.0373151,-76.1311124,-1.4096428543335544,17.944718081464146,18.18615797915424,-8.302949159216832,19507929
350,1169536480,43.0366758,-76.1306579,-1.6932416868429965,17.92018226999762,17.471563959314732,-9.702788035838147,19507929
350,1610500263,43.0371514,-76.1312143,-1.3821228252551252,17.946858680446248,18.301723721319746,-8.050229638219292,19507929
350,1268744150,43.0454315,-76.1323778,10.12759112717617,14.880587957494908,4.95049009752183,19.372960840667904,1861482911
350,1861482911,43.0452301,-76.132124,9.540303290589238,15.263767985775077,5.422763052647682,19.250808836899274,1268744150
350,19507929,43.0370996,-76.1320559,11.988587183544508,13.426607067407328,3.863307953333065,19.57633158808987,1169536480,1610500263
351,1610500263,43.0369866,-76.1313131,-1.355418895194737,17.94889522000029,18.301723721319746,-8.057573676224871,19507929
351,1268744150,43.0453869,-76.13214,10.06539508579648,14.922728362026298,5.019243175674522,19.357778305072824,1861482911
351,1169536480,43.0365185,-76.130777,-1.656993793169375,17.923570279645684,17.612700477711716,-9.462325585091099,19507929
351,1861482911,43.0451813,-76.1318878,9.481989000719143,15.300061587792424,5.458367085466146,19.240743976268167,1268744150
351,19507929,43.0370648,-76.1318157,11.928467504610861,13.4800468467822,3.916929963145333,19.591790322860707,1169536480,1610500263
352,1694188814,43.033843,-76.1428755,-14.433923686371312,10.754619798765983,15.143286319707308,-19.84522600315847,198631544
352,1861482911,43.0451322,-76.1316516,9.423163674292331,15.336361575272587,5.530937707814844,19.224680361431272,1268744150
352,1169536480,43.03636,-76.1308931,-1.621548940167437,17.926811736464515,17.752696847183486,-9.205204168346379,19507929
352,1268744150,43.0453418,-76.1319024,10.002673379633919,14.964842974798062,5.054316308001247,19.343218298334747,1861482911
352,198631544,43.0341128,-76.1424778,-13.835018660502508,11.514871196133603,15.41776490150411,-19.7895217359888,1694188814
352,19507929,43.0370296,-76.1315752,11.867512486896448,13.533741070870125,3.945449967826587,19.592634118248274,1169536480,1610500263
352,1610500263,43.0368219,-76.1314119,-1.3284548754150483,17.950911053313867,18.368712263910528,-7.91881748801565,19507929
353,1861482911,43.0450824,-76.1314157,9.363928437509763,15.372600437700704,5.567920962809319,19.21148697993534,1268744150
353,198631544,43.033974,-76.1427206,-13.832916464639279,11.517396497573205,15.439169511949489,-19.792780445737964,1694188814
353,1268744150,43.0452963,-76.131665,9.939327036773864,15.006990972745205,5.125901607045255,19.32437906570065,1861482911
353,1694188814,43.0337067,-76.143119,-14.434627019054883,10.753675781832495,15.15248461401748,-19.836451857507278,198631544
354,1861482911,43.0450323,-76.1311799,9.304185480653548,15.408832938986514,5.643326479831003,19.1919818582001,1268744150
354,1694188814,43.0335703,-76.1433624,-14.435368857285752,10.752679942884225,15.171080572827895,-19.83872196001846,198631544
354,1268744150,43.0452501,-76.1314279,9.87546170606543,15.04909485956,5.159868333182081,19.314555085598858,1861482911
354,198631544,43.0338351,-76.1429635,-13.830827446040415,11.519905041182206,15.458333907725857,-19.786630520211933,1694188814
355,1694188814,43.0334337,-76.1436058,-14.4361521523217,10.751628296914731,15.11030793946536,-19.84689475700591,198631544
355,198631544,43.0336959,-76.1432063,-13.828763200599962,11.522382928098347,15.469111390813318,-19.78163143108935,1694188814
355,1268744150,43.0452037,-76.1311908,9.810933811287098,15.091241756414332,5.234791184525509,19.299935235494964,1861482911
355,1861482911,43.0449815,-76.1309444,9.244041046203398,15.444989645063112,5.552952714658679,19.214283656822847,1268744150
356,1268744150,43.0451565,-76.1309539,9.745862599230305,15.133346034401114,5.272869418764042,19.289563585821433,1861482911
356,198631544,43.0335567,-76.143449,-13.826705064469602,11.52485258301253,15.49173563170753,-19.78473419137845,1694188814
356,1861482911,43.0449315,-76.1307086,9.182948940683351,15.481390401149456,5.591152721075211,19.203206933833098,1268744150
356,1694188814,43.0332977,-76.1438494,-14.436812333952119,10.750741817858334,15.126415076396356,-19.841948640532223,198631544
357,1268744150,43.0451091,-76.1307172,9.680124597700983,15.175479820189686,5.311334660294749,19.276433471228003,1861482911
357,1694188814,43.0331616,-76.1440928,-14.437519238492612,10.749792474190174,15.145174707346778,-19.84498381082075,198631544
357,1861482911,43.0448812,-76.1304729,9.121323861449827,15.51777854638176,5.669082478591238,19.180354161178006,1268744150
357,198631544,43.0334172,-76.1436918,-13.82466362835061,11.527301313098386,15.42842712474619,-19.78800149053459,1694188814
358,1268744150,43.0450613,-76.1304806,9.61372330728642,15.217632015886633,5.390367973819281,19.257049857703496,1861482911
358,1694188814,43.0330252,-76.1443363,-14.43826710588292,10.748787977217676,15.154658515973411,-19.840843833156477,198631544
358,1861482911,43.0448301,-76.1302375,9.059296725850617,15.554071583768419,5.70883175435925,19.1685652459283,1268744150
358,198631544,43.0332783,-76.1439346,-13.822461120664416,11.529942262115652,15.450596658671126,-19.784821746971858,1694188814
359,198631544,43.0331393,-76.1441774,-13.820283731415266,11.532552084563878,15.461810896889407,-19.786599327376944,1694188814
359,1861482911,43.0447787,-76.1300022,8.99673113647359,15.59034409043003,5.7901701945711554,19.14898888406155,1268744150
359,1694188814,43.0328888,-76.1445798,-14.439048743726358,10.747737965557885,15.173837957955179,-19.835852157780163,198631544
359,1268744150,43.0450128,-76.1302443,9.546784052823465,15.259715405234648,5.430325566176764,19.2402598637219,1861482911
360,1861482911,43.0447266,-76.1297672,8.933746982089449,15.626521201470519,5.829179649073996,19.133826198793745,1268744150
360,198631544,43.0330001,-76.1444201,-13.818100319331577,11.535168120356484,15.482123171516347,-19.78613758187102,1694188814
360,1268744150,43.0449639,-76.1300082,9.479183967786206,15.301799610008784,5.369164755766356,19.258233767131937,1861482911
360,1694188814,43.0327522,-76.1448232,-14.43988559013221,10.746613612849963,15.11099281436772,-19.844259460900098,198631544
361,1694188814,43.0326162,-76.1450667,-14.440591803328635,10.74566463135891,15.130391127246481,-19.847302604919143,198631544
361,29507774,43.0375391,-76.1318976,13.036585039791651,-12.41158533388384,-15.907131467537626,19.72251730885623,999297055
361,1861482911,43.0446742,-76.1295324,8.870223943344463,15.662666669342055,5.913674561422616,19.110389640601603,1268744150
361,1268744150,43.0449155,-76.1297718,9.410495297963323,15.344138237353382,5.4103031931578505,19.246721595620308,1861482911
361,198631544,43.0328607,-76.1446629,-13.815933868108765,11.537762839998283,15.493208291195023,-19.778120038087287,1694188814
362,198631544,43.0327213,-76.1449056,-13.813778502423194,11.54034330017919,15.43978580245555,-19.792692053201147,1694188814
362,1268744150,43.0448668,-76.1295356,9.341105195299695,15.386479575599646,5.494422557947562,19.22831929457327,1861482911
362,1694188814,43.03248,-76.1453102,-14.4413412278838,10.744657441716026,15.137467016256014,-19.840538148972033,198631544
362,1011511236,43.0334934,-76.140722,-14.33877687986259,10.881152401722808,15.286065221732072,-19.780426512977776,1426644037
362,1861482911,43.0446209,-76.1292979,8.806293430935645,15.698700456033286,5.956802388248219,19.09231534694942,1268744150
362,1426644037,43.0335452,-76.1422814,5.841949267900541,17.025616839083284,9.146950582441429,17.75246374246383,1011511236
363,198631544,43.0325823,-76.1451485,-13.811456678041706,11.543121953378868,15.451235128729161,-19.788125470021008,1694188814
363,1268744150,43.0448174,-76.1292996,9.271148790975088,15.428732938760758,5.537429906867878,19.213467261766766,1861482911
363,1694188814,43.0323438,-76.1455537,-14.442124297548649,10.743604877979969,15.156968185945997,-19.838034070430318,198631544
363,1861482911,43.0445673,-76.1290635,8.741833424454004,15.734686154451852,6.0448772146786025,19.064612753986363,1268744150
363,1426644037,43.0334629,-76.1420636,5.785193558599408,17.044985640637538,9.083748948804502,17.793245795439024,1011511236
363,1011511236,43.0333558,-76.1409647,-14.339320137638875,10.880436479769745,15.22417438056166,-19.807565403809868,1426644037
364,1694188814,43.0322073,-76.1457971,-14.442960740253609,10.742480395862632,15.166830663864713,-19.839272411183842,198631544
364,1268744150,43.0447675,-76.1290638,9.200492275932467,15.470970941751101,5.625408705534011,19.190411219461076,1861482911
364,198631544,43.0324432,-76.1453913,-13.809138755043639,11.545894804819234,15.471634743730782,-19.781265133289608,1694188814
364,1861482911,43.0445129,-76.1288296,8.676980288517022,15.770542573820567,6.089848453844765,19.050295163309272,1268744150
364,1426644037,43.0333811,-76.1418452,5.727735752451289,17.064379366097416,9.154915389263826,17.77067420030446,1011511236
364,1011511236,43.0332188,-76.1412077,-14.33970928669086,10.879923601440957,15.243274401820358,-19.819886186878005,1426644037
365,1011511236,43.0330815,-76.1414509,-14.340121771460902,10.879379926249154,15.25292812086633,-19.821108800452432,1426644037
365,1861482911,43.0444581,-76.1285958,8.61157450716384,15.806352663013875,6.181721446751163,19.025353201393653,1268744150
365,1268744150,43.0447169,-76.1288283,9.129282791206048,15.513097553944188,5.670408796149004,19.171731159886054,1861482911
365,1426644037,43.0332987,-76.1416272,5.669995892973586,17.08365144147066,9.300182935778437,17.7082771705906,1011511236
366,1861482911,43.0444024,-76.1283623,8.545761000276158,15.84203171711757,6.228649286129443,19.007525428740724,1268744150
366,1268744150,43.0446659,-76.128593,9.05737780728251,15.555189078122654,5.762504941055687,19.14718283026333,1861482911
367,1268744150,43.044614,-76.128358,8.984920291754205,15.597153822118427,5.809632072473974,19.135451874612254,1861482911
367,1861482911,43.0443464,-76.128129,8.479401392736788,15.877649448859028,6.276255953907876,18.98753784332423,1268744150
368,1861482911,43.0442899,-76.127896,8.412500028712849,15.91319714158366,6.228393132524846,19.008411092621877,1268744150
368,1268744150,43.0445617,-76.1281232,8.911722664200624,15.639092018284595,5.903745247940528,19.103292481568673,1861482911
369,1861482911,43.0442338,-76.1276627,8.344657124843694,15.948877624108704,6.27722487037471,18.992344967800552,1268744150
369,1268744150,43.0445086,-76.1278887,8.837995194558163,15.680875005590945,5.95296090742909,19.085020301015604,1861482911
370,1268744150,43.044455,-76.1276545,8.763545046575391,15.722604053293589,6.003337335609515,19.072224676694557,1861482911
370,1861482911,43.0441773,-76.1274296,8.276242920807238,15.98448632630364,6.377020578720999,18.956823263526115,1268744150
371,1268744150,43.0444009,-76.1274205,8.688339206250673,15.76428754613184,6.106320550606116,19.042075794059357,1861482911
371,1861482911,43.0441199,-76.127197,8.207451473371002,16.0199169883074,6.428086553238395,18.939574006301655,1268744150
372,1861482911,43.044062,-76.1269645,8.138086239392898,16.055265564923054,6.532785225005625,18.90856444744999,1268744150
372,1268744150,43.044346,-76.1271868,8.612590221415477,15.80579924198642,6.1586658046465645,19.01963537978783,1861482911
373,1861482911,43.0440032,-76.1267325,8.068322719785932,16.09043717521019,6.5838508437279915,18.887416025778748,1268744150
373,1268744150,43.0442905,-76.1269533,8.536117747279578,15.847229846398347,6.102223738352685,19.03874198905329,1861482911
374,1861482911,43.043944,-76.1265007,7.997989565417897,16.125512795302555,6.693243130695929,18.851435378997436,1268744150
374,1268744150,43.0442356,-76.1267197,8.458419429225387,15.888836985736319,6.156405708293251,19.021297661646773,1861482911
375,1268744150,43.0441802,-76.1264862,8.379954638943898,15.930359702443717,6.267549084078037,18.990413323811467,1861482911
375,1861482911,43.0438837,-76.1262693,7.927278518246078,16.1603915575754,6.749225916591185,18.82678808312278,1268744150
376,1861482911,43.043823,-76.1260383,7.85601193669033,16.195155956352476,6.80609144401144,18.808464964064278,1268744150
376,1268744150,43.0441238,-76.1262532,8.300930377324326,15.971679776116668,6.324555320336759,18.96607325156882,1861482911
377,1861482911,43.0437617,-76.1258074,7.784155755652989,16.229815746697017,6.922548609434192,18.765909836446394,1268744150
377,1268744150,43.0440668,-76.1260204,8.221161611929098,16.012885491083217,6.44155399200907,18.92959293761561,1861482911
378,1861482911,43.0436994,-76.1255771,7.711948683577426,16.264250597610342,6.982180463458955,18.743801954896174,1268744150
378,1268744150,43.0440088,-76.1257881,8.140858043100366,16.053860293464872,6.499030895255291,18.90603856120033,1861482911
381,2022163284,43.0374233,-76.1350552,12.361174661333356,13.084393795358277,3.661206272383959,19.63715654242439,1319365177
382,2022163284,43.0373904,-76.1348143,12.305568421454987,13.136703765590886,3.6857707010037073,19.637913822697094,1319365177
382,1319365177,43.0371481,-76.1337921,-0.3911059150890427,17.99575050291547,19.855912260199354,-14.98541482112842,2022163284
383,1319365177,43.0369693,-76.133976,-0.3312496105685139,17.99695178899744,19.89383587653103,-14.650390312268648,2022163284
383,2022163284,43.0373572,-76.1345733,12.249164844750466,13.189312362899337,3.7335036146968505,19.643221043069804,1319365177
384,204728905,43.0377149,-76.133252,14.286374128775163,-10.949863663656442,-15.206159094216861,19.818482986352617,1064877106
385,164433509,43.0227246,-76.1639843,-13.350024690734687,12.073808047040266,15.759810022133456,-19.73782425564537,2002234205
386,2002234205,43.0227075,-76.1646093,13.074438539877356,12.371703878891122,15.885415271141476,19.72018505174587,164433509
386,164433509,43.0225827,-76.1642264,-13.342952956830455,12.081622672133467,15.651111745913884,-19.76373817398154,2002234205
398,2000822604,43.0372734,-76.1343769,14.083470504459425,-11.209632400307399,-15.34693332958494,19.812381925122637,1690396399
399,1690396399,43.0378592,-76.1344238,12.07443200315365,13.349460356179907,3.84072568806187,19.622530289276238,2000822604
399,2000822604,43.0374116,-76.1341338,14.082553301378189,-11.21078465201443,-15.358057098915033,19.808614374900202,1690396399
400,2000822604,43.0375498,-76.1338907,14.081655205556208,-11.21191271246043,-15.302264094666269,19.82127518766067,1690396399
400,1690396399,43.0378246,-76.134183,12.01679406780041,13.40136785302444,3.895563806738216,19.609353603061706,2000822604
401,2000822604,43.0376876,-76.1336474,14.080603192027555,-11.213233866671267,-15.313270861828354,19.819771151036306,1690396399
401,1690396399,43.0377896,-76.1339424,11.9584886729596,13.453421448044248,3.9223227027636804,19.600625131129664,2000822604
405,91606435,43.0255629,-76.2090142,11.076832715267182,14.188156222638183,4.416513051955904,19.508425637715096,386392922
406,1405750873,43.0375062,-76.1314372,-14.716126663202031,10.365115341017397,15.003671624283994,-19.807363193510497,806675242
407,806675242,43.0367835,-76.1330567,12.811896602141125,12.643389792933093,15.91335515682628,19.693003495722813,1405750873
407,1405750873,43.0373711,-76.1316803,-14.717785726698066,10.362759444424185,15.018931069512089,-19.827709368099832,806675242
407,734718983,43.0301181,-76.156493,16.81404112992082,6.425575529190434,13.98858247981341,19.83428667420889,1886330362
408,806675242,43.0366402,-76.1328151,12.800256506629024,12.655174173613787,15.934465738768754,19.700957700633985,1405750873
408,1405750873,43.0372359,-76.1319236,-14.719461140853754,10.36037951635442,15.026856984745551,-19.84077239258991,806675242
408,734718983,43.0299922,-76.1562497,16.824077596574252,6.39925097370375,13.927693074569222,19.857618401219074,1886330362
408,1886330362,43.030644,-76.1539968,-14.22934072463948,11.023876928835715,15.282820794762193,-19.74969497782378,734718983
409,1405750873,43.0371006,-76.1321671,-14.721149654586355,10.357980152871122,15.041627246733508,-19.84534867298716,806675242
409,734718983,43.0298668,-76.156006,16.834086834772474,6.372873797537505,13.935568793079296,19.898628748490186,1886330362
409,932096309,43.0375424,-76.1346972,12.708174497069036,12.74763903442689,16.099424622462763,19.493128872185675,1405750873,65730
409,806675242,43.0364968,-76.1325733,12.788431697230322,12.667123380044687,15.977759164659409,19.710856651402807,1405750873
409,1886330362,43.0305065,-76.1542392,-14.229316306674647,11.023908446853273,15.294113100808666,-19.769972554157142,734718983
410,1886330362,43.0303688,-76.1544817,-14.229282470723444,11.023952121102601,15.315689724130296,-19.78294606832784,734718983
410,1405750873,43.0369652,-76.1324106,-14.722871804732742,10.355532136080965,15.051258465903521,-19.767018114314098,932096309
410,734718983,43.0297414,-76.1557619,16.844166464435183,6.346184374755988,13.9388802799531,19.930339341643617,1886330362
410,87500405,43.0375288,-76.1320277,-13.944867577214199,11.3815933969704,15.412022688330278,-19.68387536826824,932096309
410,65730,43.037631,-76.1323554,-14.594932439993421,10.53508173067621,15.116685545561847,-19.757693717958738,932096309
410,932096309,43.0373975,-76.134458,12.696681256513909,12.759086372875151,15.992949747549105,19.485287350059707,87500405,1405750873,65730
411,932096309,43.0372535,-76.1342189,12.684629800428898,12.771067567986286,16.03997819427544,19.547255899114045,87500405,1405750873,65730
411,87500405,43.03739,-76.1322692,-13.943872509382462,11.382812457476756,15.420201293542842,-19.74334312635478,932096309
411,1886330362,43.0302309,-76.1547245,-14.229271982878299,11.023965658386034,15.327095803229222,-19.797723631301206,734718983
411,65730,43.0374949,-76.1325979,-14.596250987630853,10.533254820143929,15.073614421081936,-19.808062243460565,932096309
411,734718983,43.0296159,-76.1555173,16.85431572152289,6.319180449965513,13.947825521808369,19.94701210326972,1886330362
411,1405750873,43.0368298,-76.1326531,-14.72471280514074,10.35291421804143,15.01053804085479,-19.823390116913817,932096309
412,87500405,43.0372512,-76.1325115,-13.942806035747234,11.384118755948155,15.43670058783237,-19.759427143949146,932096309
412,1405750873,43.0366946,-76.1328964,-14.726441854197017,10.350454594603772,15.017412355737932,-19.828765582963513,932096309
412,932096309,43.0371092,-76.133979,12.672286206483745,12.783315778817396,16.064780741677136,19.62601758078759,87500405,1405750873,65730
412,734718983,43.0294903,-76.1552726,16.864553213355343,6.29180776199544,13.952675578479434,19.949605156890918,1886330362
412,65730,43.0373592,-76.132841,-14.59745904144467,10.531580580964345,15.08781529142871,-19.82972941441453,932096309
412,1886330362,43.030093,-76.1549674,-14.229261218873178,11.023979552097863,15.346695598719062,-19.809845463555032,734718983
413,932096309,43.0369645,-76.1337382,12.659506234848303,12.79597209632144,16.113248294707482,19.650339786594547,87500405,1405750873,65730
413,65730,43.0372234,-76.1330843,-14.598675517377977,10.529894260547385,15.092412087806522,-19.83607365575624,932096309
413,87500405,43.0371123,-76.132754,-13.94173520877864,11.38543013540999,15.442009522732457,-19.781549213053452,932096309
413,1405750873,43.0365595,-76.1331397,-14.728191752815022,10.347964422644273,15.028382454183914,-19.84735473617882,932096309
414,87500405,43.0369733,-76.1329967,-13.94063476118323,11.386777527258964,15.459246421923739,-19.78649861192139,932096309
414,1405750873,43.0364242,-76.1333833,-14.729954417805454,10.345455178452692,15.035721163762505,-19.848967826421237,932096309
414,932096309,43.0368195,-76.133497,12.646547816442453,12.808779345684531,16.00511682925471,19.703640406628594,1405750873,65730,87500405
414,65730,43.0370875,-76.1333277,-14.599902777974101,10.52819257392759,15.107191974368005,-19.844175971984065,932096309
415,932096309,43.0366754,-76.1332552,12.632755015143644,12.822382802247137,16.051094649178882,19.69999862239612,87500405
415,87500405,43.0368341,-76.1332395,-13.939545020162155,11.388111548051874,15.411675704065026,-19.803535361339442,932096309
420,191249482,43.0372512,-76.1342876,12.949210469160725,12.502717633593836,15.887979746107145,19.727878476642875,698582773
423,1231300609,43.0334896,-76.1426087,-14.44456858379169,10.740318357857838,15.214726611373647,-19.79723503225543,271838337
423,271838337,43.0335331,-76.1438579,6.277067000725808,16.870045342808034,8.568835255926068,18.0377440845901,54212853,1231300609
424,54212853,43.0330483,-76.143147,-14.240353737574814,11.009646925707427,15.302264094666269,-19.80901065144452,271838337
424,1231300609,43.0333527,-76.1428516,-14.445538896977663,10.739013268261912,15.161749127895462,-19.820320785686405,271838337
424,271838337,43.033456,-76.1436366,6.224296049204409,16.8895866939324,8.50848987213782,18.08421824581157,54212853,1231300609
425,271838337,43.0333794,-76.1434147,6.1708787122469975,16.909176677731438,8.629109946080098,18.038012605938242,54212853,1231300609
425,54212853,43.0329106,-76.1433901,-14.240340374205768,11.009664210445528,15.31235023976894,-19.817385020999616,271838337
425,1231300609,43.0332162,-76.1430948,-14.446383167943827,10.737877507447616,15.171080572827895,-19.831890475000577,271838337
437,92359243,43.0380805,-76.133807,11.712439730720355,-13.668165771391687,-3.972636170983886,19.58581001248518,222929674
437,222929674,43.0385919,-76.1329813,9.405304580601122,-15.34732047447122,-5.446802041295396,19.25244017099279,92359243
438,92359243,43.0381163,-76.1335666,11.672895901124933,-13.701952462386544,-4.008982762538943,19.578402727449063,222929674
438,1172561127,43.0370023,-76.1332997,-1.0616737873521853,17.968662965542244,18.941317588315975,-6.416113796383265,1329221424
438,1329221424,43.0368673,-76.1336862,11.462837434674261,13.878161187499963,4.156637209451448,19.55802510891095,1172561127
438,222929674,43.0386409,-76.1327451,9.350330760162405,-15.380874964564297,-5.5141239722508555,19.236736108904637,92359243
439,1172561127,43.0368318,-76.1333784,-1.0403034716524784,17.96991287365823,18.907459632525445,-6.5198136663880835,1329221424
439,1329221424,43.0368299,-76.1334462,11.396567666793953,13.932632393635693,4.072829408436039,19.58307027572415,1172561127
439,222929674,43.0386906,-76.132509,9.295006018650543,-15.414371966228469,-5.548515140458451,19.230874083399335,92359243
439,92359243,43.0381524,-76.1333264,11.633054445740846,-13.735794271261822,-4.026837274020092,19.564650217145196,222929674
440,92359243,43.0381886,-76.1330863,11.592889008264507,-13.769710397900893,-4.064738852222122,19.566903298729997,222929674
440,762119020,43.0377789,-76.1322973,-14.452058286185204,10.730238175022285,15.182665542177888,-19.82180490644221,92359243
440,222929674,43.0387405,-76.132273,9.239222082585087,-15.447872840901821,-5.615041368757101,19.206594922393244,92359243
441,92359243,43.0382252,-76.1328462,11.552398204160415,-13.80369862509723,-3.9954725508977504,19.58190481171812,222929674
441,222929674,43.0387911,-76.1320373,9.183106862420368,-15.481296727127475,-5.650440407339224,19.19280897622115,92359243
444,331220759,43.0374678,-76.133874,11.893047393353807,13.51130725353547,3.8964805678964884,19.59723432238608,1245648130
444,1245648130,43.037081,-76.1328972,3.140958020012117,17.72383656877149,14.009354329647902,14.288618517276975,331220759
445,1245648130,43.0369549,-76.1327218,3.0898297326140387,17.73282132722975,14.142135623730951,14.161665539720296,331220759
445,331220759,43.0374328,-76.1336335,11.836211733985161,13.561124281868079,3.91874627957938,19.586578551528298,1245648130
446,331220759,43.0373975,-76.1333932,11.778645393636294,13.611153980870634,3.972015161072436,19.58593596180038,1245648130
446,1245648130,43.0368276,-76.132548,3.0389134455529314,17.741617881986908,14.144910934879642,14.153236868325715,331220759
451,228158957,43.0370238,-76.1317928,3.632329982823836,17.62969593883794,12.957336384187059,15.230944615900603,2024709935
452,331220759,43.0368341,-76.1323149,11.652937843644061,13.718929973294857,4.033058413409742,19.58154815569157,4595330
453,1409497052,43.0355121,-76.1514761,5.870182070992993,17.01590322179203,9.088255525399923,17.837611917663217,1483106923
453,1483106923,43.0345905,-76.1526356,16.663830992728194,6.805640061433695,14.050493555487938,19.916330825433775,1409497052
453,331220759,43.0367977,-76.1320746,11.591484113169399,13.770893073949177,4.0617051317137545,19.57854934398805,4595330
453,4595330,43.0368213,-76.1317705,1.6328140874592008,17.925789191993605,17.759888185545755,9.197084953229052,331220759
454,1409497052,43.0354303,-76.1512572,5.80767523502645,17.037338652631767,9.017387270582898,17.87502695208478,1483106923
454,331220759,43.0367612,-76.1318343,11.529194437460358,13.823084880851784,4.120209620996838,19.56883604149179,4595330
454,4595330,43.0366615,-76.1316577,1.6008029846614542,17.92867618660951,17.88854381999832,8.94427190999916,331220759
454,1483106923,43.034464,-76.1523913,16.67389965507662,6.780934322970227,14.056006857174422,19.9159302399156,1409497052
455,1483106923,43.0343375,-76.1521469,16.684070733426974,6.755870318619618,14.06652795164666,19.926729826812835,1409497052
455,1409497052,43.0353491,-76.1510379,5.7443504481603815,17.05879356603859,9.095797484620382,17.825499556652428,1483106923
456,1483106923,43.0342109,-76.1519024,16.694346171539294,6.730438760200661,14.072466871209727,19.92095112142357,1409497052
456,1409497052,43.0352672,-76.1508191,5.680791249870212,17.080064718126742,9.251877332513308,17.74361833960275,1483106923
457,1110545231,43.0353871,-76.1296098,11.458033642172486,13.882127540648929,3.9890057963350296,19.59348708565393,72584243
457,1483106923,43.0340842,-76.1516579,16.704730737823954,6.704623104753878,14.009483417775282,19.93065391051666,1409497052
457,1409497052,43.0351839,-76.1506014,5.617246202988961,17.101068536644313,9.333315358162928,17.700850955870646,1483106923
458,1409497052,43.0350999,-76.1503842,5.553436408647544,17.12189662552335,9.41547144909874,17.661596540557465,1483106923
458,1483106923,43.0339581,-76.1514134,16.715096205884475,6.678739314273799,14.01621467203138,19.91854214164693,1409497052
459,1483106923,43.0338319,-76.1511689,16.72557797620793,6.652446268989198,14.026033967592406,19.929483300715493,1409497052
459,1409497052,43.0350152,-76.1501675,5.489343940233616,17.14255240930651,9.585163421215348,17.565541708868203,1483106923
460,1409497052,43.0349289,-76.1499519,5.425338643724678,17.162916436343437,9.671176252410302,17.522626407813075,1483106923
460,1483106923,43.0337057,-76.1509244,16.736166690389673,6.625762183439064,14.032228605331632,19.923667377107652,1409497052
461,1409497052,43.0348418,-76.1497369,5.361065967220894,17.183101341000867,9.759565658785577,17.46909730763513,1483106923
461,1483106923,43.0335794,-76.1506799,16.746868747823584,6.5986655577601265,14.039858392658257,19.923325724848173,1409497052
462,1483106923,43.033453,-76.1504355,16.75768401924368,6.571151064401507,13.968987298255968,19.93345999696897,1409497052
462,1409497052,43.034754,-76.1495226,5.2965728566857635,17.203090303018804,9.779304808740518,17.45429017612095,1483106923
463,1409497052,43.034666,-76.1493084,5.231587584226675,17.222964069769333,9.87032511711148,17.40666164533651,1483106923
463,1483106923,43.0333272,-76.1501909,16.768469131458335,6.5435802881395855,13.979966192939356,19.932707399266988,1409497052
464,1483106923,43.0332014,-76.1499463,16.779375075463975,6.515563834151146,13.98499937136575,19.936979439894937,1409497052
464,1409497052,43.0345771,-76.1490948,5.166351530631219,17.242645152700455,9.964104258482614,17.346103401169266,1483106923
465,1483106923,43.0330755,-76.1497017,16.79038917303993,6.487128133300863,13.996246843191093,19.936198990134624,1409497052
465,1409497052,43.0344874,-76.148882,5.100923568068381,17.26211397114283,10.153985721961506,17.238747421524813,1483106923
466,1483106923,43.0329495,-76.149457,16.801526960038665,6.458226676967435,14.001939503470666,19.93580155427911,1409497052
466,1409497052,43.034396,-76.1486704,5.035644372414727,17.28126979578086,10.251786815842706,17.17747925902236,1483106923
467,1409497052,43.0343037,-76.1484597,4.9701765811917,17.30021227476049,10.350338911191077,17.121430934213407,1483106923
467,1483106923,43.0328235,-76.1492124,16.81277953873779,6.428875810108632,14.013988243310184,19.930336653859854,1409497052
468,1409497052,43.0342106,-76.1482496,4.904493700733776,17.318947472045256,10.549059439703477,17.00174481046248,1483106923
468,1483106923,43.0326973,-76.1489679,16.824162738413502,6.399027125382318,13.937076934866356,19.935612983959544,1409497052
469,1409497052,43.0341156,-76.1480409,4.8390206546092855,17.337355020425253,10.489243124036468,17.036583119851898,1483106923
469,1483106923,43.0325719,-76.1487232,16.835511915385347,6.369108143760634,13.947683771792496,19.939523103676468,1409497052
472,181716467,43.0381327,-76.1309228,-15.447199072938936,9.240348521619435,14.6525960426199,-19.901985122526636,954245446
474,1322034603,43.0341681,-76.1322205,-2.3822427347597275,17.841662466056366,15.995007971095408,-11.995007971095408,1942873734
474,1942873734,43.0334626,-76.1326129,4.037745020109933,17.541283167219476,12.04700121054758,15.964093380074374,1322034603
475,1942873734,43.0333542,-76.132417,3.9699999326595306,17.556739461946893,12.182680800044045,15.863004277694136,1322034603
475,1322034603,43.0340241,-76.1323677,-2.333897303702907,17.84805096854467,16.038631670227776,-11.94755345654348,1942873734
481,1131672134,43.0380314,-76.130904,11.094970819084386,14.173976948043409,4.230422300599653,19.522591418790924,2145299758
482,1640993330,43.0241137,-76.1703958,15.499286329004018,9.152711253587608,14.640577309971388,19.827144030698193,1886330362
483,1886330362,43.024141,-76.1684824,-13.637723906526352,11.747871579539826,15.658823529411762,-19.717830882352942,1640993330
483,1640993330,43.0239819,-76.1701526,15.504868858895476,9.143251154182153,14.65547843084194,19.85571577082738,1886330362
484,1886330362,43.024,-76.1687243,-13.633661827977619,11.75258546705132,15.67279694582282,-19.730644293966897,1640993330
484,1640993330,43.02385,-76.169909,15.510508227193743,9.133681324315802,14.590074380419978,19.881213888210436,1886330362
485,1886330362,43.0238589,-76.1689664,-13.629535878531067,11.757370102868855,15.596107588559898,-19.763321701806593,1640993330
485,23284607,43.073365,-76.1777821,12.325014309897611,13.118461123958829,3.6474507309232043,19.662562389814095,1140384595,1031641294
485,1640993330,43.0237187,-76.1696651,15.51605466150205,9.124256010288212,14.60477700562452,19.891675346387107,1886330362
486,1140384595,43.0740086,-76.1778855,8.410570082627672,15.91421725644112,6.271284867955471,18.985793287424613,23284607
486,1886330362,43.0237185,-76.1692089,-13.625007071485992,11.76261800374205,15.613962879562527,-19.766924663155486,1640993330
486,23284607,43.0733322,-76.1775407,12.305264451282621,13.136988497521042,3.6560661336402847,19.663475604621155,1140384595,1031641294
486,1031641294,43.0734955,-76.1773168,7.114726922243499,16.534226949630984,7.473811724363422,18.548908729016016,23284607
486,1640993330,43.0235872,-76.169421,15.52167859998407,9.114685591878448,14.612209669259576,19.898517840455813,1886330362
487,1031641294,43.0734282,-76.177089,7.089440283238666,16.545084964133395,7.520336120493144,18.534416526601294,23284607
487,1140384595,43.0739522,-76.1776524,8.387201860105922,15.926545292618727,6.287977758197123,18.9772763778916,23284607
487,23284607,43.0732993,-76.1772993,12.285414258146417,13.155553827404331,3.673417554012071,19.657731290000143,1140384595,1031641294
488,1140384595,43.0738956,-76.1774194,8.363769959989877,15.938862947411614,6.322175151292077,18.968905622920918,23284607
488,1031641294,43.0733605,-76.1768615,7.06411592419022,16.555913330577752,7.543798173335135,18.524878387414283,23284607
488,23284607,43.0732662,-76.1770579,12.265481278265172,13.174140162170985,3.6821541254420875,19.653176999216992,1140384595,1031641294
489,1031641294,43.0732926,-76.176634,7.038729056830857,16.56672246597151,7.593902436274811,18.51663327033287,1140384595,23284607
489,1140384595,43.0738387,-76.1771864,8.34028768675512,15.951163007823629,6.339127974189393,18.960251558161374,23284607
489,23284607,43.073233,-76.1768166,12.245453637561651,13.192758059266005,3.6997503939986953,19.652795846609358,1140384595,1031641294
490,1031641294,43.0732243,-76.1764067,7.0132960492195195,16.577505196078263,7.617560580051566,18.50341505263452,1140384595,23284607
490,1140384595,43.0737816,-76.1769536,8.316741642337249,15.9634522724445,6.3710755322793595,18.9405008868294,23284607,1031641294
490,23284607,43.0731997,-76.1765753,12.225335768916135,13.211402852735196,3.708610660032955,19.651126996009197,1140384595,1031641294
491,1031641294,43.0731557,-76.1761795,6.987806203769092,16.588265866526438,7.641567298193257,18.49135204181376,1140384595,23284607
491,23284607,43.0731664,-76.176334,12.205118599399631,13.23008238729409,3.7267908356677584,19.653215948668873,1140384595,1031641294
491,1140384595,43.0737243,-76.1767211,8.29316013784321,15.975715787659983,6.387845835833321,18.924335840156886,23284607,1031641294
491,1003965697,43.0180058,-76.1307847,-0.07346155578815973,17.999850093815258,19.982661461847044,-13.425018184802168,2080162985
491,2080162985,43.0183146,-76.1313277,4.7638120317059185,17.35817084045937,10.677479658714956,16.90501772253006,1003965697
492,23284607,43.0731328,-76.1760927,12.184807540837543,13.24879108419891,3.735593085510084,19.65108971387461,1140384595,1031641294
492,1003965697,43.0178259,-76.1309494,-0.06273726169890706,17.99989066733447,20.00223053658014,12.602230536580137,2080162985
492,1140384595,43.0736668,-76.1764887,8.269525706984561,15.987962489996075,6.423369406779067,18.919835114978053,23284607,1031641294
492,1031641294,43.0730869,-76.1759524,6.962257605441896,16.599005061613376,7.689813903282071,18.466169202255614,1140384595,23284607
492,2080162985,43.0182185,-76.1311203,4.640926617498145,17.39142892723301,10.881441932935758,16.77446540246381,1003965697
493,1003965697,43.0176458,-76.1307948,-0.06665179840107387,17.999876597848385,19.98335370368133,-13.466513948946,2080162985
493,23284607,43.0730992,-76.1758514,12.164396398225618,13.267534068802522,3.7538788586599017,19.652734539506284,1140384595,1031641294
493,2080162985,43.0181205,-76.1309146,4.517532351802156,17.423888815371292,11.091844266261393,16.641005886756872,1003965697
493,1140384595,43.073609,-76.1762564,8.245835183947253,16.00019381505042,6.4410434813302615,18.913826458318557,23284607,1031641294
493,1031641294,43.0730177,-76.1757257,6.936689072215467,16.609706340432588,7.714240248842872,18.455980156506126,1140384595,23284607
494,1140384595,43.073551,-76.1760242,8.222076537109599,16.012415727113503,6.458809326217459,18.90776804679508,23284607,1031641294
494,1031641294,43.0729483,-76.1754991,6.911058508078414,16.620387188568053,7.761140001162654,18.439538987779187,1140384595,23284607
494,23284607,43.0730654,-76.1756101,12.143890747408852,13.286305638325416,3.7604298958770066,19.640786103352337,1140384595,1031641294
495,1031641294,43.0728784,-76.1752727,6.885391935108102,16.63103658525073,7.7859957846112575,18.429814878387734,1140384595
495,23284607,43.0730315,-76.175369,12.123293615096394,13.305102476950825,3.7787919999068595,19.647366919483687,1140384595
495,1140384595,43.0734928,-76.175792,8.198249626275746,16.02462801643987,6.444498509476151,18.906185844952848,23284607,1031641294
496,1140384595,43.0734348,-76.1755599,8.174322162170462,16.03684685931274,6.462669460358938,18.915018904727567,1031641294
496,1031641294,43.0728083,-76.1750464,6.859662301414971,16.641665575012205,7.7791781174043395,18.430867188707285,1140384595
497,2062980776,43.0414608,-76.1300264,9.842546952459351,-15.070642636882912,-5.247959913188944,19.2937869912018,223317814
497,223317814,43.0416805,-76.1296833,9.881990826117875,15.044808317573281,5.120162249006432,19.335132340245583,2062980776
497,1140384595,43.0733767,-76.1753276,8.150303231998349,16.049067176209252,6.499030895255291,18.90136673442564,23284607,1031641294
497,1031641294,43.0727383,-76.1748201,6.833828900136484,16.652290610113056,7.804350857204782,18.420222683115906,1140384595
497,23284607,43.0728958,-76.1749558,12.0978074954257,13.328280226781764,3.797330939694887,19.638357806928592,1140384595
498,23284607,43.0728616,-76.1747146,12.076960987134774,13.347172483909267,3.8160492308938516,19.64016177890851,1140384595
498,223317814,43.0416344,-76.129446,9.809832423270556,15.091957720168372,5.1612394267655235,19.326691728863025,2062980776
498,2062980776,43.041508,-76.1297896,9.781022342954273,-15.110645318007743,-5.286523509411055,19.27767847597322,223317814
498,1140384595,43.0733182,-76.1750956,8.126241293605055,16.061264036124555,6.514473880273724,18.88866496303367,23284607,1031641294
498,1031641294,43.0726681,-76.1745939,6.807933614351836,16.662894103443687,7.829522697556538,18.406944536713837,1140384595
499,1610500263,43.0130892,-76.134284,-0.9379032845093025,17.975548320674577,19.133477608577174,-5.82323231565392,1169536480
499,2062980776,43.0415556,-76.129553,9.718928664784325,-15.150657596580869,-5.348919546131585,19.257894677311334,223317814,757992097
499,1031641294,43.0725976,-76.1743679,6.781980664517548,16.67347409108582,7.88095044654902,18.390594025258167,1140384595
499,757992097,43.0442627,-76.1292017,9.315616914919689,15.40192460358322,5.526328662273114,19.220914399690148,2062980776
499,223317814,43.041588,-76.1292088,9.736833644315553,15.139156864994986,5.089865985592875,19.343650403496117,2062980776
499,23284607,43.0728272,-76.1744735,12.056017243077255,13.36609323005881,3.77932804204717,19.64488927770231,1140384595
499,1140384595,43.0732595,-76.1748636,8.102118305262447,16.073446393587506,6.550989148699436,18.872553032683122,23284607,1031641294
